/*
SQLyog Ultimate v12.5.0 (64 bit)
MySQL - 5.7.25 : Database - ry
*********************************************************************
*/

/*!40101 SET NAMES utf8 */;

/*!40101 SET SQL_MODE=''*/;

/*!40014 SET @OLD_UNIQUE_CHECKS=@@UNIQUE_CHECKS, UNIQUE_CHECKS=0 */;
/*!40014 SET @OLD_FOREIGN_KEY_CHECKS=@@FOREIGN_KEY_CHECKS, FOREIGN_KEY_CHECKS=0 */;
/*!40101 SET @OLD_SQL_MODE=@@SQL_MODE, SQL_MODE='NO_AUTO_VALUE_ON_ZERO' */;
/*!40111 SET @OLD_SQL_NOTES=@@SQL_NOTES, SQL_NOTES=0 */;
CREATE DATABASE /*!32312 IF NOT EXISTS*/`ry` /*!40100 DEFAULT CHARACTER SET utf8mb4 */;

USE `ry`;

/*Table structure for table `blog_article` */

DROP TABLE IF EXISTS `blog_article`;

CREATE TABLE `blog_article` (
  `id` bigint(20) NOT NULL AUTO_INCREMENT COMMENT 'ä¸»é”®',
  `createTime` datetime DEFAULT NULL COMMENT 'åˆ›å»ºæ—¶é—´',
  `deleteTime` datetime DEFAULT NULL COMMENT 'åˆ é™¤æ—¶é—´',
  `status` tinyint(1) NOT NULL DEFAULT '1' COMMENT '0ï¼šåˆ é™¤ 1ï¼šå­˜åœ¨',
  `userId` bigint(20) NOT NULL COMMENT 'ä½œè€…',
  `title` varchar(200) DEFAULT NULL COMMENT 'æ ‡é¢˜',
  `description` varchar(200) DEFAULT NULL COMMENT 'æè¿°',
  `content` text COMMENT 'æ­£æ–‡',
  `img` varchar(500) DEFAULT NULL COMMENT 'æ–‡ç« é¦–å›¾',
  `classifyId` bigint(20) NOT NULL COMMENT 'åˆ†ç±»id',
  `tagIds` varchar(100) DEFAULT NULL COMMENT 'æ ‡ç­¾id',
  `tags` varchar(200) DEFAULT NULL COMMENT 'æ ‡ç­¾',
  `clickCount` int(11) DEFAULT '0' COMMENT 'ç‚¹å‡»æ•°',
  `likeCount` int(11) DEFAULT '0' COMMENT 'å–œæ¬¢æ•°',
  `viewCount` int(11) DEFAULT '0' COMMENT 'æµè§ˆæ•°',
  `commentCount` int(11) DEFAULT '0' COMMENT 'è¯„è®ºæ•°',
  PRIMARY KEY (`id`)
) ENGINE=InnoDB AUTO_INCREMENT=6 DEFAULT CHARSET=utf8mb4 COMMENT='åšå®¢æ–‡ç« è¡¨';

/*Data for the table `blog_article` */

LOCK TABLES `blog_article` WRITE;

insert  into `blog_article`(`id`,`createTime`,`deleteTime`,`status`,`userId`,`title`,`description`,`content`,`img`,`classifyId`,`tagIds`,`tags`,`clickCount`,`likeCount`,`viewCount`,`commentCount`) values 
(4,'2019-09-23 23:24:30',NULL,1,1,'test','1','# ä½ å¥½ï¼Œè¿™æ˜¯ä¸€ç¯‡æµ‹è¯•æ–‡ç« \n![](http://localhost/profile/blog/2019/09/23/80b63404dcbb8d49279d060841307b57.PNG)\n![](http://localhost/profile/blog/2019/09/23/379a28ca7c15f6ae39e9040dd8ef207c.PNG)','http://localhost/profile/blog/2019/09/23/062c899ea7829cc4adc004820811fecd.PNG',1,'1',NULL,9,4,12,0),
(5,'2019-09-24 23:49:20',NULL,1,1,'testtags','testtags','ces','http://localhost/profile/blog/2019/09/24/38daa1110fc200cfc90c93884acf62cc.PNG',1,'2','vue',0,25,22,5);

UNLOCK TABLES;

/*Table structure for table `blog_article_comment` */

DROP TABLE IF EXISTS `blog_article_comment`;

CREATE TABLE `blog_article_comment` (
  `id` bigint(20) NOT NULL AUTO_INCREMENT COMMENT 'ä¸»é”®',
  `createTime` datetime DEFAULT NULL COMMENT 'åˆ›å»ºæ—¶é—´',
  `deleteTime` datetime DEFAULT NULL COMMENT 'åˆ é™¤æ—¶é—´',
  `status` tinyint(4) DEFAULT '1' COMMENT '0åˆ é™¤  1 å­˜åœ¨',
  `userId` bigint(20) DEFAULT NULL COMMENT 'ç”¨æˆ·id',
  `userName` varchar(100) DEFAULT NULL COMMENT 'ç”¨æˆ·åç§°',
  `content` text COMMENT 'å†…å®¹',
  `articleId` bigint(20) DEFAULT NULL COMMENT 'æ–‡ç« id',
  `replyId` bigint(20) DEFAULT NULL COMMENT 'å›å¤çˆ¶id',
  PRIMARY KEY (`id`)
) ENGINE=InnoDB AUTO_INCREMENT=6 DEFAULT CHARSET=utf8mb4 COMMENT='æ–‡ç« è¯„è®ºè¡¨';

/*Data for the table `blog_article_comment` */

LOCK TABLES `blog_article_comment` WRITE;

insert  into `blog_article_comment`(`id`,`createTime`,`deleteTime`,`status`,`userId`,`userName`,`content`,`articleId`,`replyId`) values 
(1,'2019-09-25 16:25:05',NULL,1,NULL,'soulCoke','æäº¤ä¸€ä¸ªè¯„è®º',5,NULL),
(2,'2019-09-25 16:29:09',NULL,1,NULL,'ceshiyixia','nihao',5,NULL),
(3,'2019-09-25 16:29:27',NULL,1,NULL,'ceshiyixia','sadsfgsdfgsdf',5,NULL),
(4,'2019-09-25 16:32:23',NULL,1,NULL,NULL,'adfasd',5,NULL),
(5,'2019-09-25 16:32:52',NULL,1,NULL,'asd','dafsfasd',5,NULL);

UNLOCK TABLES;

/*Table structure for table `blog_banner` */

DROP TABLE IF EXISTS `blog_banner`;

CREATE TABLE `blog_banner` (
  `id` bigint(20) NOT NULL AUTO_INCREMENT COMMENT 'ä¸»é”®',
  `url` varchar(500) NOT NULL COMMENT 'å›¾ç‰‡åœ°å€',
  `description` varchar(100) DEFAULT NULL COMMENT 'æè¿°',
  `type` varchar(50) NOT NULL COMMENT 'ç±»å‹ï¼šè‡ªå®šä¹‰ã€‚è‡ªå·±æ ¹æ®ç”¨é€”',
  PRIMARY KEY (`id`)
) ENGINE=InnoDB AUTO_INCREMENT=8 DEFAULT CHARSET=utf8mb4 COMMENT='bannerå›¾';

/*Data for the table `blog_banner` */

LOCK TABLES `blog_banner` WRITE;

insert  into `blog_banner`(`id`,`url`,`description`,`type`) values 
(1,'http://localhost/profile/blog/2019/09/26/371a8d090eea9bea0014fb55735c994c.PNG','å¤´éƒ¨','headnav'),
(2,'http://localhost/profile/blog/2019/09/26/6c7b828bc93c91c80bc45565b17af3a3.PNG','å‹é“¾','link'),
(3,'http://localhost/profile/blog/2019/09/26/b5745bd0ccff29d85acb1152e2be42c7.PNG','æèµ ','donate'),
(4,'http://localhost/profile/blog/2019/09/26/7cb46786180fcbfd05d9e37b8edca3f6.PNG','æ”¯ä»˜å®æ”¶æ¬¾ç ','zhifubao'),
(5,'http://localhost/profile/blog/2019/09/26/13b4418fb61c1adea76802b69aca49f4.PNG','å¾®ä¿¡æ”¶æ¬¾ç ','weixin'),
(6,'http://localhost/profile/blog/2019/09/26/3d4d77ffff354d3ca9470077b8350e9d.PNG','å…³äº','about'),
(7,'http://localhost/profile/blog/2019/09/27/5d019efb5efde55e1d4875656d7eedfb.PNG','ç•™è¨€','message');

UNLOCK TABLES;

/*Table structure for table `blog_classify` */

DROP TABLE IF EXISTS `blog_classify`;

CREATE TABLE `blog_classify` (
  `id` bigint(20) NOT NULL AUTO_INCREMENT COMMENT 'ä¸»é”®',
  `createTime` datetime NOT NULL COMMENT 'åˆ›å»ºæ—¶é—´',
  `deleteTime` datetime DEFAULT NULL COMMENT 'åˆ é™¤æ—¶é—´',
  `status` tinyint(1) DEFAULT NULL COMMENT '0:åˆ é™¤ 1ï¼šå­˜åœ¨',
  `name` varchar(50) NOT NULL COMMENT 'åˆ†ç±»åç§°',
  PRIMARY KEY (`id`),
  UNIQUE KEY `id` (`id`)
) ENGINE=InnoDB AUTO_INCREMENT=4 DEFAULT CHARSET=utf8mb4 CHECKSUM=1 DELAY_KEY_WRITE=1 ROW_FORMAT=DYNAMIC COMMENT='æ–‡ç« åˆ†ç±»';

/*Data for the table `blog_classify` */

LOCK TABLES `blog_classify` WRITE;

insert  into `blog_classify`(`id`,`createTime`,`deleteTime`,`status`,`name`) values 
(1,'2019-09-14 18:38:13',NULL,1,'å‰ç«¯'),
(2,'2019-09-14 18:38:27',NULL,1,'åç«¯'),
(3,'2019-09-14 18:51:57',NULL,1,'ç³»ç»Ÿ');

UNLOCK TABLES;

/*Table structure for table `blog_link` */

DROP TABLE IF EXISTS `blog_link`;

CREATE TABLE `blog_link` (
  `id` bigint(20) NOT NULL AUTO_INCREMENT COMMENT 'ä¸»é”®',
  `name` varchar(200) NOT NULL COMMENT 'åç§°',
  `url` varchar(500) NOT NULL COMMENT 'å‹é“¾åœ°å€',
  `avatar` varchar(500) DEFAULT NULL COMMENT 'å¤´åƒåœ°å€',
  `introduction` varchar(1000) DEFAULT NULL COMMENT 'ç®€ä»‹',
  PRIMARY KEY (`id`)
) ENGINE=InnoDB AUTO_INCREMENT=2 DEFAULT CHARSET=utf8mb4 COMMENT='å‹é“¾';

/*Data for the table `blog_link` */

LOCK TABLES `blog_link` WRITE;

insert  into `blog_link`(`id`,`name`,`url`,`avatar`,`introduction`) values 
(1,'soulCoke','http:www.baidu.com','http://f.youdao.com/?vendor=fanyi-new-bottom','è¿™æ˜¯ä¸€ä¸ªæµ‹è¯•å‹é“¾');

UNLOCK TABLES;

/*Table structure for table `blog_message` */

DROP TABLE IF EXISTS `blog_message`;

CREATE TABLE `blog_message` (
  `id` bigint(20) NOT NULL AUTO_INCREMENT COMMENT 'ä¸»é”®',
  `createTime` datetime DEFAULT NULL COMMENT 'åˆ›å»ºæ—¶é—´',
  `deleteTime` datetime DEFAULT NULL COMMENT 'åˆ é™¤æ—¶é—´',
  `status` tinyint(4) DEFAULT '0' COMMENT '0ï¼šåˆ é™¤ 1ï¼šå­˜åœ¨',
  `content` text COMMENT 'å†…å®¹',
  `replyId` bigint(20) DEFAULT NULL COMMENT 'å›å¤çˆ¶id',
  `userId` bigint(20) DEFAULT NULL COMMENT 'ä½œè€…',
  `userName` varchar(50) DEFAULT NULL COMMENT 'ç”¨æˆ·åç§°',
  PRIMARY KEY (`id`)
) ENGINE=InnoDB DEFAULT CHARSET=utf8mb4 COMMENT='ç•™è¨€è¡¨';

/*Data for the table `blog_message` */

LOCK TABLES `blog_message` WRITE;

UNLOCK TABLES;

/*Table structure for table `blog_tags` */

DROP TABLE IF EXISTS `blog_tags`;

CREATE TABLE `blog_tags` (
  `id` bigint(20) NOT NULL AUTO_INCREMENT COMMENT 'ä¸»é”®',
  `name` varchar(50) DEFAULT NULL COMMENT 'åç§°',
  `status` tinyint(1) DEFAULT '1' COMMENT '0:åˆ é™¤ 1ï¼šå­˜åœ¨',
  `classifyId` bigint(20) NOT NULL COMMENT 'ç±»åˆ«id',
  PRIMARY KEY (`id`)
) ENGINE=InnoDB AUTO_INCREMENT=3 DEFAULT CHARSET=utf8mb4 COMMENT='æ ‡ç­¾è¡¨';

/*Data for the table `blog_tags` */

LOCK TABLES `blog_tags` WRITE;

insert  into `blog_tags`(`id`,`name`,`status`,`classifyId`) values 
(1,'javascript',1,1),
(2,'vue',1,1);

UNLOCK TABLES;

/*Table structure for table `gen_table` */

DROP TABLE IF EXISTS `gen_table`;

CREATE TABLE `gen_table` (
  `table_id` bigint(20) NOT NULL AUTO_INCREMENT COMMENT 'ç¼–å·',
  `table_name` varchar(200) DEFAULT '' COMMENT 'è¡¨åç§°',
  `table_comment` varchar(500) DEFAULT '' COMMENT 'è¡¨æè¿°',
  `class_name` varchar(100) DEFAULT '' COMMENT 'å®ä½“ç±»åç§°',
  `tpl_category` varchar(200) DEFAULT 'crud' COMMENT 'ä½¿ç”¨çš„æ¨¡æ¿ï¼ˆcrudå•è¡¨æ“ä½œ treeæ ‘è¡¨æ“ä½œï¼‰',
  `package_name` varchar(100) DEFAULT NULL COMMENT 'ç”ŸæˆåŒ…è·¯å¾„',
  `module_name` varchar(30) DEFAULT NULL COMMENT 'ç”Ÿæˆæ¨¡å—å',
  `business_name` varchar(30) DEFAULT NULL COMMENT 'ç”Ÿæˆä¸šåŠ¡å',
  `function_name` varchar(50) DEFAULT NULL COMMENT 'ç”ŸæˆåŠŸèƒ½å',
  `function_author` varchar(50) DEFAULT NULL COMMENT 'ç”ŸæˆåŠŸèƒ½ä½œè€…',
  `options` varchar(1000) DEFAULT NULL COMMENT 'å…¶å®ƒç”Ÿæˆé€‰é¡¹',
  `create_by` varchar(64) DEFAULT '' COMMENT 'åˆ›å»ºè€…',
  `create_time` datetime DEFAULT NULL COMMENT 'åˆ›å»ºæ—¶é—´',
  `update_by` varchar(64) DEFAULT '' COMMENT 'æ›´æ–°è€…',
  `update_time` datetime DEFAULT NULL COMMENT 'æ›´æ–°æ—¶é—´',
  `remark` varchar(500) DEFAULT NULL COMMENT 'å¤‡æ³¨',
  PRIMARY KEY (`table_id`)
) ENGINE=InnoDB AUTO_INCREMENT=9 DEFAULT CHARSET=utf8mb4 COMMENT='ä»£ç ç”Ÿæˆä¸šåŠ¡è¡¨';

/*Data for the table `gen_table` */

LOCK TABLES `gen_table` WRITE;

insert  into `gen_table`(`table_id`,`table_name`,`table_comment`,`class_name`,`tpl_category`,`package_name`,`module_name`,`business_name`,`function_name`,`function_author`,`options`,`create_by`,`create_time`,`update_by`,`update_time`,`remark`) values 
(1,'blog_article','åšå®¢æ–‡ç« è¡¨','Article','crud','com.ruoyi.project.blog','blog','article','åšå®¢æ–‡ç« ','ruoyi','{\"treeName\":\"\",\"treeParentCode\":\"\",\"treeCode\":\"\"}','admin','2019-09-13 19:07:09','','2019-09-14 17:51:06',''),
(2,'blog_article_comment','æ–‡ç« è¯„è®ºè¡¨','ArticleComment','crud','com.ruoyi.project.blog','blog','comment','æ–‡ç« è¯„è®º','ruoyi','{\"treeName\":\"\",\"treeParentCode\":\"\",\"treeCode\":\"\"}','admin','2019-09-13 19:07:09','','2019-09-14 17:49:52',''),
(3,'blog_classify','æ–‡ç« åˆ†ç±»','Classify','crud','com.ruoyi.project.blog','blog','classify','æ–‡ç« åˆ†ç±»','ruoyi','{\"treeName\":\"\",\"treeParentCode\":\"\",\"treeCode\":\"\"}','admin','2019-09-13 19:07:09','','2019-09-14 17:48:22',''),
(4,'blog_message','ç•™è¨€è¡¨','Message','crud','com.ruoyi.project.blog','blog','message','ç•™è¨€','ruoyi','{\"treeName\":\"\",\"treeParentCode\":\"\",\"treeCode\":\"\"}','admin','2019-09-13 19:07:09','','2019-09-14 17:49:17',''),
(5,'blog_tags','æ ‡ç­¾è¡¨','Tags','crud','com.ruoyi.project.blog','blog','tags','æ ‡ç­¾','ruoyi','{\"treeName\":\"\",\"treeParentCode\":\"\",\"treeCode\":\"\"}','admin','2019-09-13 19:07:09','','2019-09-14 17:51:42',''),
(6,'sys_file_info','æ–‡ä»¶è¡¨','FileInfo','crud','com.ruoyi.project.system','system','info','æ–‡ä»¶','ruoyi','{\"treeName\":\"\",\"treeParentCode\":\"\",\"treeCode\":\"\"}','admin','2019-09-20 23:13:19','','2019-09-20 23:14:31',''),
(7,'blog_banner','bannerå›¾','Banner','crud','com.ruoyi.project.blog','blog','banner','bannerå›¾','ruoyi','{\"treeName\":\"\",\"treeParentCode\":\"\",\"treeCode\":\"\"}','admin','2019-09-26 00:22:24','','2019-09-26 00:27:19',''),
(8,'blog_link','å‹é“¾','Link','crud','com.ruoyi.project.blog','blog','link','å‹é“¾','ruoyi','{\"treeName\":\"\",\"treeParentCode\":\"\",\"treeCode\":\"\"}','admin','2019-09-26 00:22:24','','2019-09-26 00:27:35','');

UNLOCK TABLES;

/*Table structure for table `gen_table_column` */

DROP TABLE IF EXISTS `gen_table_column`;

CREATE TABLE `gen_table_column` (
  `column_id` bigint(20) NOT NULL AUTO_INCREMENT COMMENT 'ç¼–å·',
  `table_id` varchar(64) DEFAULT NULL COMMENT 'å½’å±è¡¨ç¼–å·',
  `column_name` varchar(200) DEFAULT NULL COMMENT 'åˆ—åç§°',
  `column_comment` varchar(500) DEFAULT NULL COMMENT 'åˆ—æè¿°',
  `column_type` varchar(100) DEFAULT NULL COMMENT 'åˆ—ç±»å‹',
  `java_type` varchar(500) DEFAULT NULL COMMENT 'JAVAç±»å‹',
  `java_field` varchar(200) DEFAULT NULL COMMENT 'JAVAå­—æ®µå',
  `is_pk` char(1) DEFAULT NULL COMMENT 'æ˜¯å¦ä¸»é”®ï¼ˆ1æ˜¯ï¼‰',
  `is_increment` char(1) DEFAULT NULL COMMENT 'æ˜¯å¦è‡ªå¢ï¼ˆ1æ˜¯ï¼‰',
  `is_required` char(1) DEFAULT NULL COMMENT 'æ˜¯å¦å¿…å¡«ï¼ˆ1æ˜¯ï¼‰',
  `is_insert` char(1) DEFAULT NULL COMMENT 'æ˜¯å¦ä¸ºæ’å…¥å­—æ®µï¼ˆ1æ˜¯ï¼‰',
  `is_edit` char(1) DEFAULT NULL COMMENT 'æ˜¯å¦ç¼–è¾‘å­—æ®µï¼ˆ1æ˜¯ï¼‰',
  `is_list` char(1) DEFAULT NULL COMMENT 'æ˜¯å¦åˆ—è¡¨å­—æ®µï¼ˆ1æ˜¯ï¼‰',
  `is_query` char(1) DEFAULT NULL COMMENT 'æ˜¯å¦æŸ¥è¯¢å­—æ®µï¼ˆ1æ˜¯ï¼‰',
  `query_type` varchar(200) DEFAULT 'EQ' COMMENT 'æŸ¥è¯¢æ–¹å¼ï¼ˆç­‰äºã€ä¸ç­‰äºã€å¤§äºã€å°äºã€èŒƒå›´ï¼‰',
  `html_type` varchar(200) DEFAULT NULL COMMENT 'æ˜¾ç¤ºç±»å‹ï¼ˆæ–‡æœ¬æ¡†ã€æ–‡æœ¬åŸŸã€ä¸‹æ‹‰æ¡†ã€å¤é€‰æ¡†ã€å•é€‰æ¡†ã€æ—¥æœŸæ§ä»¶ï¼‰',
  `dict_type` varchar(200) DEFAULT '' COMMENT 'å­—å…¸ç±»å‹',
  `sort` int(11) DEFAULT NULL COMMENT 'æ’åº',
  `create_by` varchar(64) DEFAULT '' COMMENT 'åˆ›å»ºè€…',
  `create_time` datetime DEFAULT NULL COMMENT 'åˆ›å»ºæ—¶é—´',
  `update_by` varchar(64) DEFAULT '' COMMENT 'æ›´æ–°è€…',
  `update_time` datetime DEFAULT NULL COMMENT 'æ›´æ–°æ—¶é—´',
  PRIMARY KEY (`column_id`)
) ENGINE=InnoDB AUTO_INCREMENT=54 DEFAULT CHARSET=utf8mb4 COMMENT='ä»£ç ç”Ÿæˆä¸šåŠ¡è¡¨å­—æ®µ';

/*Data for the table `gen_table_column` */

LOCK TABLES `gen_table_column` WRITE;

insert  into `gen_table_column`(`column_id`,`table_id`,`column_name`,`column_comment`,`column_type`,`java_type`,`java_field`,`is_pk`,`is_increment`,`is_required`,`is_insert`,`is_edit`,`is_list`,`is_query`,`query_type`,`html_type`,`dict_type`,`sort`,`create_by`,`create_time`,`update_by`,`update_time`) values 
(1,'1','id','ä¸»é”®','bigint(20)','Long','id','1','1',NULL,'1',NULL,NULL,NULL,'EQ','input','',1,'admin','2019-09-13 19:07:09',NULL,'2019-09-14 17:51:06'),
(2,'1','createTime','åˆ›å»ºæ—¶é—´','datetime','Date','createTime','0','0',NULL,NULL,NULL,'1','1','EQ','datetime','',2,'admin','2019-09-13 19:07:09',NULL,'2019-09-14 17:51:06'),
(3,'1','deleteTime','åˆ é™¤æ—¶é—´','datetime','Date','deleteTime','0','0',NULL,NULL,NULL,NULL,NULL,'EQ','datetime','',3,'admin','2019-09-13 19:07:09',NULL,'2019-09-14 17:51:06'),
(4,'1','status','0ï¼šåˆ é™¤ 1ï¼šå­˜åœ¨','tinyint(1)','Integer','status','0','0','1',NULL,'1',NULL,NULL,'EQ','radio','',4,'admin','2019-09-13 19:07:09',NULL,'2019-09-14 17:51:06'),
(5,'1','userId','ä½œè€…','bigint(20)','Long','userId','0','0','1','1',NULL,NULL,NULL,'EQ','input','',5,'admin','2019-09-13 19:07:09',NULL,'2019-09-14 17:51:06'),
(6,'1','title','æ ‡é¢˜','varchar(200)','String','title','0','0','1','1','1','1','1','EQ','input','',6,'admin','2019-09-13 19:07:09',NULL,'2019-09-14 17:51:06'),
(7,'1','description','æè¿°','varchar(200)','String','description','0','0','1','1','1','1',NULL,'EQ','input','',7,'admin','2019-09-13 19:07:09',NULL,'2019-09-14 17:51:06'),
(8,'1','content','æ­£æ–‡','text','String','content','0','0','1','1','1','1',NULL,'EQ','input','',8,'admin','2019-09-13 19:07:09',NULL,'2019-09-14 17:51:06'),
(9,'1','img','æ–‡ç« é¦–å›¾','varchar(500)','String','img','0','0','1','1','1','1',NULL,'EQ','textarea','',9,'admin','2019-09-13 19:07:09',NULL,'2019-09-14 17:51:06'),
(10,'1','classifyId','åˆ†ç±»id','bigint(20)','Long','classifyId','0','0','1','1','1',NULL,'1','EQ','select','',10,'admin','2019-09-13 19:07:09',NULL,'2019-09-14 17:51:06'),
(11,'1','clickCount','ç‚¹å‡»æ•°','int(11)','Long','clickCount','0','0',NULL,NULL,NULL,'1',NULL,'EQ','input','',11,'admin','2019-09-13 19:07:09',NULL,'2019-09-14 17:51:06'),
(12,'1','likeCount','å–œæ¬¢æ•°','int(11)','Long','likeCount','0','0',NULL,NULL,NULL,'1',NULL,'EQ','input','',12,'admin','2019-09-13 19:07:09',NULL,'2019-09-14 17:51:06'),
(13,'1','viewCount','æµè§ˆæ•°','int(11)','Long','viewCount','0','0',NULL,NULL,NULL,'1',NULL,'EQ','input','',13,'admin','2019-09-13 19:07:09',NULL,'2019-09-14 17:51:06'),
(14,'1','tagIds','æ ‡ç­¾id','varchar(100)','String','tagIds','0','0','1','1','1',NULL,'1','EQ','select','',14,'admin','2019-09-13 19:07:09',NULL,'2019-09-14 17:51:06'),
(15,'1','commentCount','è¯„è®ºæ•°','int(11)','Long','commentCount','0','0',NULL,NULL,NULL,'1',NULL,'EQ','input','',15,'admin','2019-09-13 19:07:09',NULL,'2019-09-14 17:51:06'),
(16,'2','id','ä¸»é”®','bigint(20)','Long','id','1','1',NULL,'1',NULL,NULL,NULL,'EQ','input','',1,'admin','2019-09-13 19:07:09',NULL,'2019-09-14 17:49:52'),
(17,'2','createTime','åˆ›å»ºæ—¶é—´','datetime','Date','createTime','0','0',NULL,NULL,NULL,'1','1','EQ','datetime','',2,'admin','2019-09-13 19:07:09',NULL,'2019-09-14 17:49:52'),
(18,'2','deleteTime','åˆ é™¤æ—¶é—´','datetime','Date','deleteTime','0','0',NULL,NULL,NULL,NULL,NULL,'EQ','datetime','',3,'admin','2019-09-13 19:07:09',NULL,'2019-09-14 17:49:52'),
(19,'2','status','0åˆ é™¤ 1 å­˜åœ¨','tinyint(4)','Integer','status','0','0',NULL,NULL,'1',NULL,NULL,'EQ','radio','',4,'admin','2019-09-13 19:07:09',NULL,'2019-09-14 17:49:52'),
(20,'2','userId','ç”¨æˆ·id','bigint(20)','Long','userId','0','0',NULL,NULL,NULL,NULL,NULL,'EQ','input','',5,'admin','2019-09-13 19:07:09',NULL,'2019-09-14 17:49:52'),
(21,'2','content','å†…å®¹','text','String','content','0','0',NULL,NULL,NULL,'1',NULL,'EQ','input','',6,'admin','2019-09-13 19:07:09',NULL,'2019-09-14 17:49:52'),
(22,'2','articleId','æ–‡ç« id','bigint(20)','Long','articleId','0','0',NULL,NULL,NULL,NULL,NULL,'EQ','input','',7,'admin','2019-09-13 19:07:09',NULL,'2019-09-14 17:49:52'),
(23,'2','replyId','å›å¤çˆ¶id','bigint(20)','Long','replyId','0','0',NULL,NULL,NULL,NULL,NULL,'EQ','input','',8,'admin','2019-09-13 19:07:09',NULL,'2019-09-14 17:49:52'),
(24,'3','id','ä¸»é”®','bigint(20)','Long','id','1','1',NULL,'1',NULL,NULL,NULL,'EQ','input','',1,'admin','2019-09-13 19:07:09',NULL,'2019-09-14 17:48:22'),
(25,'3','createTime','åˆ›å»ºæ—¶é—´','datetime','Date','createTime','0','0','1',NULL,NULL,'1','1','EQ','datetime','',2,'admin','2019-09-13 19:07:09',NULL,'2019-09-14 17:48:22'),
(26,'3','deleteTime','åˆ é™¤æ—¶é—´','datetime','Date','deleteTime','0','0',NULL,NULL,NULL,NULL,NULL,'EQ','datetime','',3,'admin','2019-09-13 19:07:09',NULL,'2019-09-14 17:48:22'),
(27,'3','status','0:åˆ é™¤ 1ï¼šå­˜åœ¨','tinyint(1)','Integer','status','0','0',NULL,NULL,'1',NULL,NULL,'EQ','radio','',4,'admin','2019-09-13 19:07:09',NULL,'2019-09-14 17:48:22'),
(28,'3','name','åˆ†ç±»åç§°','varchar(50)','String','name','0','0','1','1','1','1','1','LIKE','input','',5,'admin','2019-09-13 19:07:09',NULL,'2019-09-14 17:48:22'),
(29,'4','id','ä¸»é”®','bigint(20)','Long','id','1','1',NULL,'1',NULL,NULL,NULL,'EQ','input','',1,'admin','2019-09-13 19:07:09',NULL,'2019-09-14 17:49:17'),
(30,'4','createTime','åˆ›å»ºæ—¶é—´','datetime','Date','createTime','0','0',NULL,NULL,NULL,'1','1','EQ','datetime','',2,'admin','2019-09-13 19:07:09',NULL,'2019-09-14 17:49:17'),
(31,'4','deleteTime','åˆ é™¤æ—¶é—´','datetime','Date','deleteTime','0','0',NULL,NULL,NULL,NULL,NULL,'EQ','datetime','',3,'admin','2019-09-13 19:07:09',NULL,'2019-09-14 17:49:17'),
(32,'4','status','0ï¼šåˆ é™¤ 1ï¼šå­˜åœ¨','tinyint(4)','Integer','status','0','0',NULL,NULL,NULL,NULL,NULL,'EQ','radio','',4,'admin','2019-09-13 19:07:09',NULL,'2019-09-14 17:49:17'),
(33,'4','content','å†…å®¹','text','String','content','0','0',NULL,'1',NULL,'1',NULL,'EQ','input','',5,'admin','2019-09-13 19:07:09',NULL,'2019-09-14 17:49:17'),
(34,'4','replyId','å›å¤çˆ¶id','bigint(20)','Long','replyId','0','0',NULL,NULL,NULL,NULL,NULL,'EQ','input','',6,'admin','2019-09-13 19:07:09',NULL,'2019-09-14 17:49:17'),
(35,'4','userId','ä½œè€…','bigint(20)','Long','userId','0','0',NULL,NULL,NULL,'1',NULL,'EQ','input','',7,'admin','2019-09-13 19:07:09',NULL,'2019-09-14 17:49:17'),
(36,'5','id','ä¸»é”®','bigint(20)','Long','id','1','0',NULL,'1',NULL,NULL,NULL,'EQ','input','',1,'admin','2019-09-13 19:07:09',NULL,'2019-09-14 17:51:42'),
(37,'5','name','åç§°','varchar(50)','String','name','0','0','1','1','1','1','1','LIKE','input','',2,'admin','2019-09-13 19:07:09',NULL,'2019-09-14 17:51:42'),
(38,'5','status','0:åˆ é™¤ 1ï¼šå­˜åœ¨','tinyint(1)','Integer','status','0','0',NULL,NULL,'1',NULL,NULL,'EQ','radio','',3,'admin','2019-09-13 19:07:09',NULL,'2019-09-14 17:51:42'),
(39,'6','id','id','bigint(20)','Long','id','1','1',NULL,'1',NULL,NULL,NULL,'EQ','input','',1,'admin','2019-09-20 23:13:19',NULL,'2019-09-20 23:14:31'),
(40,'6','createTime','åˆ›å»ºæ—¶é—´','datetime','Date','createTime','0','0',NULL,'1','1','1','1','EQ','datetime','',2,'admin','2019-09-20 23:13:19',NULL,'2019-09-20 23:14:31'),
(41,'6','name','æ–‡ä»¶åç§°','varchar(100)','String','name','0','0',NULL,'1','1','1','1','LIKE','input','',3,'admin','2019-09-20 23:13:19',NULL,'2019-09-20 23:14:31'),
(42,'6','abPath','ç»å¯¹è·¯å¾„','varchar(150)','String','abPath','0','0',NULL,'1','1','1','1','EQ','input','',4,'admin','2019-09-20 23:13:19',NULL,'2019-09-20 23:14:31'),
(43,'6','rtPath','ç›¸å¯¹è·¯å¾„','varchar(100)','String','rtPath','0','0',NULL,'1','1','1','1','EQ','input','',5,'admin','2019-09-20 23:13:19',NULL,'2019-09-20 23:14:31'),
(44,'6','url','ç½‘ç»œåœ°å€','varchar(200)','String','url','0','0',NULL,'1','1','1','1','EQ','input','',6,'admin','2019-09-20 23:13:19',NULL,'2019-09-20 23:14:31'),
(45,'7','id','ä¸»é”®','bigint(20)','Long','id','1','1',NULL,'1',NULL,NULL,NULL,'EQ','input','',1,'admin','2019-09-26 00:22:24',NULL,'2019-09-26 00:27:19'),
(46,'7','url','å›¾ç‰‡åœ°å€','varchar(500)','String','url','0','0','1','1','1','1','1','EQ','input','',2,'admin','2019-09-26 00:22:24',NULL,'2019-09-26 00:27:19'),
(47,'7','description','æè¿°','varchar(100)','String','description','0','0',NULL,'1','1','1','1','EQ','input','',3,'admin','2019-09-26 00:22:24',NULL,'2019-09-26 00:27:19'),
(48,'7','type','ç±»å‹ï¼šè‡ªå®šä¹‰ã€‚è‡ªå·±æ ¹æ®ç”¨é€”','varchar(50)','String','type','0','0','1','1','1','1','1','EQ','select','',4,'admin','2019-09-26 00:22:24',NULL,'2019-09-26 00:27:19'),
(49,'8','id','ä¸»é”®','bigint(20)','Long','id','1','1',NULL,'1',NULL,NULL,NULL,'EQ','input','',1,'admin','2019-09-26 00:22:24',NULL,'2019-09-26 00:27:35'),
(50,'8','name','åç§°','varchar(200)','String','name','0','0','1','1','1','1','1','LIKE','input','',2,'admin','2019-09-26 00:22:24',NULL,'2019-09-26 00:27:35'),
(51,'8','url','å‹é“¾åœ°å€','varchar(500)','String','url','0','0','1','1','1','1','1','EQ','textarea','',3,'admin','2019-09-26 00:22:24',NULL,'2019-09-26 00:27:35'),
(52,'8','avatar','å¤´åƒåœ°å€','varchar(500)','String','avatar','0','0',NULL,'1','1','1','1','EQ','textarea','',4,'admin','2019-09-26 00:22:24',NULL,'2019-09-26 00:27:35'),
(53,'8','introduction','ç®€ä»‹','varchar(1000)','String','introduction','0','0',NULL,'1','1','1','1','EQ','textarea','',5,'admin','2019-09-26 00:22:24',NULL,'2019-09-26 00:27:35');

UNLOCK TABLES;

/*Table structure for table `qrtz_blob_triggers` */

DROP TABLE IF EXISTS `qrtz_blob_triggers`;

CREATE TABLE `qrtz_blob_triggers` (
  `sched_name` varchar(120) NOT NULL,
  `trigger_name` varchar(200) NOT NULL,
  `trigger_group` varchar(200) NOT NULL,
  `blob_data` blob,
  PRIMARY KEY (`sched_name`,`trigger_name`,`trigger_group`),
  CONSTRAINT `qrtz_blob_triggers_ibfk_1` FOREIGN KEY (`sched_name`, `trigger_name`, `trigger_group`) REFERENCES `qrtz_triggers` (`sched_name`, `trigger_name`, `trigger_group`)
) ENGINE=InnoDB DEFAULT CHARSET=utf8;

/*Data for the table `qrtz_blob_triggers` */

LOCK TABLES `qrtz_blob_triggers` WRITE;

UNLOCK TABLES;

/*Table structure for table `qrtz_calendars` */

DROP TABLE IF EXISTS `qrtz_calendars`;

CREATE TABLE `qrtz_calendars` (
  `sched_name` varchar(120) NOT NULL,
  `calendar_name` varchar(200) NOT NULL,
  `calendar` blob NOT NULL,
  PRIMARY KEY (`sched_name`,`calendar_name`)
) ENGINE=InnoDB DEFAULT CHARSET=utf8;

/*Data for the table `qrtz_calendars` */

LOCK TABLES `qrtz_calendars` WRITE;

UNLOCK TABLES;

/*Table structure for table `qrtz_cron_triggers` */

DROP TABLE IF EXISTS `qrtz_cron_triggers`;

CREATE TABLE `qrtz_cron_triggers` (
  `sched_name` varchar(120) NOT NULL,
  `trigger_name` varchar(200) NOT NULL,
  `trigger_group` varchar(200) NOT NULL,
  `cron_expression` varchar(200) NOT NULL,
  `time_zone_id` varchar(80) DEFAULT NULL,
  PRIMARY KEY (`sched_name`,`trigger_name`,`trigger_group`),
  CONSTRAINT `qrtz_cron_triggers_ibfk_1` FOREIGN KEY (`sched_name`, `trigger_name`, `trigger_group`) REFERENCES `qrtz_triggers` (`sched_name`, `trigger_name`, `trigger_group`)
) ENGINE=InnoDB DEFAULT CHARSET=utf8;

/*Data for the table `qrtz_cron_triggers` */

LOCK TABLES `qrtz_cron_triggers` WRITE;

insert  into `qrtz_cron_triggers`(`sched_name`,`trigger_name`,`trigger_group`,`cron_expression`,`time_zone_id`) values 
('RuoyiScheduler','TASK_CLASS_NAME1','DEFAULT','0/10 * * * * ?','Asia/Shanghai'),
('RuoyiScheduler','TASK_CLASS_NAME2','DEFAULT','0/15 * * * * ?','Asia/Shanghai'),
('RuoyiScheduler','TASK_CLASS_NAME3','DEFAULT','0/20 * * * * ?','Asia/Shanghai');

UNLOCK TABLES;

/*Table structure for table `qrtz_fired_triggers` */

DROP TABLE IF EXISTS `qrtz_fired_triggers`;

CREATE TABLE `qrtz_fired_triggers` (
  `sched_name` varchar(120) NOT NULL,
  `entry_id` varchar(95) NOT NULL,
  `trigger_name` varchar(200) NOT NULL,
  `trigger_group` varchar(200) NOT NULL,
  `instance_name` varchar(200) NOT NULL,
  `fired_time` bigint(13) NOT NULL,
  `sched_time` bigint(13) NOT NULL,
  `priority` int(11) NOT NULL,
  `state` varchar(16) NOT NULL,
  `job_name` varchar(200) DEFAULT NULL,
  `job_group` varchar(200) DEFAULT NULL,
  `is_nonconcurrent` varchar(1) DEFAULT NULL,
  `requests_recovery` varchar(1) DEFAULT NULL,
  PRIMARY KEY (`sched_name`,`entry_id`)
) ENGINE=InnoDB DEFAULT CHARSET=utf8;

/*Data for the table `qrtz_fired_triggers` */

LOCK TABLES `qrtz_fired_triggers` WRITE;

UNLOCK TABLES;

/*Table structure for table `qrtz_job_details` */

DROP TABLE IF EXISTS `qrtz_job_details`;

CREATE TABLE `qrtz_job_details` (
  `sched_name` varchar(120) NOT NULL,
  `job_name` varchar(200) NOT NULL,
  `job_group` varchar(200) NOT NULL,
  `description` varchar(250) DEFAULT NULL,
  `job_class_name` varchar(250) NOT NULL,
  `is_durable` varchar(1) NOT NULL,
  `is_nonconcurrent` varchar(1) NOT NULL,
  `is_update_data` varchar(1) NOT NULL,
  `requests_recovery` varchar(1) NOT NULL,
  `job_data` blob,
  PRIMARY KEY (`sched_name`,`job_name`,`job_group`)
) ENGINE=InnoDB DEFAULT CHARSET=utf8;

/*Data for the table `qrtz_job_details` */

LOCK TABLES `qrtz_job_details` WRITE;

insert  into `qrtz_job_details`(`sched_name`,`job_name`,`job_group`,`description`,`job_class_name`,`is_durable`,`is_nonconcurrent`,`is_update_data`,`requests_recovery`,`job_data`) values 
('RuoyiScheduler','TASK_CLASS_NAME1','DEFAULT',NULL,'com.ruoyi.project.monitor.job.util.QuartzDisallowConcurrentExecution','0','1','0','0','¬í\0sr\0org.quartz.JobDataMapŸ°ƒè¿©°Ë\0\0xr\0&org.quartz.utils.StringKeyDirtyFlagMap‚èÃûÅ](\0Z\0allowsTransientDataxr\0org.quartz.utils.DirtyFlagMapæ.­(v\nÎ\0Z\0dirtyL\0mapt\0Ljava/util/Map;xpsr\0java.util.HashMapÚÁÃ`Ñ\0F\0\nloadFactorI\0	thresholdxp?@\0\0\0\0\0w\0\0\0\0\0\0t\0TASK_PROPERTIESsr\0(com.ruoyi.project.monitor.job.domain.Job\0\0\0\0\0\0\0\0L\0\nconcurrentt\0Ljava/lang/String;L\0cronExpressionq\0~\0	L\0invokeTargetq\0~\0	L\0jobGroupq\0~\0	L\0jobIdt\0Ljava/lang/Long;L\0jobNameq\0~\0	L\0\rmisfirePolicyq\0~\0	L\0statusq\0~\0	xr\0)com.ruoyi.framework.web.domain.BaseEntity\0\0\0\0\0\0\0\0L\0createByq\0~\0	L\0\ncreateTimet\0Ljava/util/Date;L\0paramsq\0~\0L\0remarkq\0~\0	L\0searchValueq\0~\0	L\0updateByq\0~\0	L\0\nupdateTimeq\0~\0xpt\0adminsr\0java.util.DatehjKYt\0\0xpw\0\0b,Ş)àxpt\0\0pppt\01t\00/10 * * * * ?t\0ryTask.ryNoParamst\0DEFAULTsr\0java.lang.Long;‹äÌ#ß\0J\0valuexr\0java.lang.Number†¬•”à‹\0\0xp\0\0\0\0\0\0\0t\0ç³»ç»Ÿé»˜è®¤ï¼ˆæ— å‚ï¼‰t\03t\01x\0'),
('RuoyiScheduler','TASK_CLASS_NAME2','DEFAULT',NULL,'com.ruoyi.project.monitor.job.util.QuartzDisallowConcurrentExecution','0','1','0','0','¬í\0sr\0org.quartz.JobDataMapŸ°ƒè¿©°Ë\0\0xr\0&org.quartz.utils.StringKeyDirtyFlagMap‚èÃûÅ](\0Z\0allowsTransientDataxr\0org.quartz.utils.DirtyFlagMapæ.­(v\nÎ\0Z\0dirtyL\0mapt\0Ljava/util/Map;xpsr\0java.util.HashMapÚÁÃ`Ñ\0F\0\nloadFactorI\0	thresholdxp?@\0\0\0\0\0w\0\0\0\0\0\0t\0TASK_PROPERTIESsr\0(com.ruoyi.project.monitor.job.domain.Job\0\0\0\0\0\0\0\0L\0\nconcurrentt\0Ljava/lang/String;L\0cronExpressionq\0~\0	L\0invokeTargetq\0~\0	L\0jobGroupq\0~\0	L\0jobIdt\0Ljava/lang/Long;L\0jobNameq\0~\0	L\0\rmisfirePolicyq\0~\0	L\0statusq\0~\0	xr\0)com.ruoyi.framework.web.domain.BaseEntity\0\0\0\0\0\0\0\0L\0createByq\0~\0	L\0\ncreateTimet\0Ljava/util/Date;L\0paramsq\0~\0L\0remarkq\0~\0	L\0searchValueq\0~\0	L\0updateByq\0~\0	L\0\nupdateTimeq\0~\0xpt\0adminsr\0java.util.DatehjKYt\0\0xpw\0\0b,Ş)àxpt\0\0pppt\01t\00/15 * * * * ?t\0ryTask.ryParams(\'ry\')t\0DEFAULTsr\0java.lang.Long;‹äÌ#ß\0J\0valuexr\0java.lang.Number†¬•”à‹\0\0xp\0\0\0\0\0\0\0t\0ç³»ç»Ÿé»˜è®¤ï¼ˆæœ‰å‚ï¼‰t\03t\01x\0'),
('RuoyiScheduler','TASK_CLASS_NAME3','DEFAULT',NULL,'com.ruoyi.project.monitor.job.util.QuartzDisallowConcurrentExecution','0','1','0','0','¬í\0sr\0org.quartz.JobDataMapŸ°ƒè¿©°Ë\0\0xr\0&org.quartz.utils.StringKeyDirtyFlagMap‚èÃûÅ](\0Z\0allowsTransientDataxr\0org.quartz.utils.DirtyFlagMapæ.­(v\nÎ\0Z\0dirtyL\0mapt\0Ljava/util/Map;xpsr\0java.util.HashMapÚÁÃ`Ñ\0F\0\nloadFactorI\0	thresholdxp?@\0\0\0\0\0w\0\0\0\0\0\0t\0TASK_PROPERTIESsr\0(com.ruoyi.project.monitor.job.domain.Job\0\0\0\0\0\0\0\0L\0\nconcurrentt\0Ljava/lang/String;L\0cronExpressionq\0~\0	L\0invokeTargetq\0~\0	L\0jobGroupq\0~\0	L\0jobIdt\0Ljava/lang/Long;L\0jobNameq\0~\0	L\0\rmisfirePolicyq\0~\0	L\0statusq\0~\0	xr\0)com.ruoyi.framework.web.domain.BaseEntity\0\0\0\0\0\0\0\0L\0createByq\0~\0	L\0\ncreateTimet\0Ljava/util/Date;L\0paramsq\0~\0L\0remarkq\0~\0	L\0searchValueq\0~\0	L\0updateByq\0~\0	L\0\nupdateTimeq\0~\0xpt\0adminsr\0java.util.DatehjKYt\0\0xpw\0\0b,Ş)àxpt\0\0pppt\01t\00/20 * * * * ?t\08ryTask.ryMultipleParams(\'ry\', true, 2000L, 316.50D, 100)t\0DEFAULTsr\0java.lang.Long;‹äÌ#ß\0J\0valuexr\0java.lang.Number†¬•”à‹\0\0xp\0\0\0\0\0\0\0t\0ç³»ç»Ÿé»˜è®¤ï¼ˆå¤šå‚ï¼‰t\03t\01x\0');

UNLOCK TABLES;

/*Table structure for table `qrtz_locks` */

DROP TABLE IF EXISTS `qrtz_locks`;

CREATE TABLE `qrtz_locks` (
  `sched_name` varchar(120) NOT NULL,
  `lock_name` varchar(40) NOT NULL,
  PRIMARY KEY (`sched_name`,`lock_name`)
) ENGINE=InnoDB DEFAULT CHARSET=utf8;

/*Data for the table `qrtz_locks` */

LOCK TABLES `qrtz_locks` WRITE;

insert  into `qrtz_locks`(`sched_name`,`lock_name`) values 
('RuoyiScheduler','STATE_ACCESS'),
('RuoyiScheduler','TRIGGER_ACCESS');

UNLOCK TABLES;

/*Table structure for table `qrtz_paused_trigger_grps` */

DROP TABLE IF EXISTS `qrtz_paused_trigger_grps`;

CREATE TABLE `qrtz_paused_trigger_grps` (
  `sched_name` varchar(120) NOT NULL,
  `trigger_group` varchar(200) NOT NULL,
  PRIMARY KEY (`sched_name`,`trigger_group`)
) ENGINE=InnoDB DEFAULT CHARSET=utf8;

/*Data for the table `qrtz_paused_trigger_grps` */

LOCK TABLES `qrtz_paused_trigger_grps` WRITE;

UNLOCK TABLES;

/*Table structure for table `qrtz_scheduler_state` */

DROP TABLE IF EXISTS `qrtz_scheduler_state`;

CREATE TABLE `qrtz_scheduler_state` (
  `sched_name` varchar(120) NOT NULL,
  `instance_name` varchar(200) NOT NULL,
  `last_checkin_time` bigint(13) NOT NULL,
  `checkin_interval` bigint(13) NOT NULL,
  PRIMARY KEY (`sched_name`,`instance_name`)
) ENGINE=InnoDB DEFAULT CHARSET=utf8;

/*Data for the table `qrtz_scheduler_state` */

LOCK TABLES `qrtz_scheduler_state` WRITE;

insert  into `qrtz_scheduler_state`(`sched_name`,`instance_name`,`last_checkin_time`,`checkin_interval`) values 
('RuoyiScheduler','DESKTOP-3AM41AK1569555670252',1569556454748,15000);

UNLOCK TABLES;

/*Table structure for table `qrtz_simple_triggers` */

DROP TABLE IF EXISTS `qrtz_simple_triggers`;

CREATE TABLE `qrtz_simple_triggers` (
  `sched_name` varchar(120) NOT NULL,
  `trigger_name` varchar(200) NOT NULL,
  `trigger_group` varchar(200) NOT NULL,
  `repeat_count` bigint(7) NOT NULL,
  `repeat_interval` bigint(12) NOT NULL,
  `times_triggered` bigint(10) NOT NULL,
  PRIMARY KEY (`sched_name`,`trigger_name`,`trigger_group`),
  CONSTRAINT `qrtz_simple_triggers_ibfk_1` FOREIGN KEY (`sched_name`, `trigger_name`, `trigger_group`) REFERENCES `qrtz_triggers` (`sched_name`, `trigger_name`, `trigger_group`)
) ENGINE=InnoDB DEFAULT CHARSET=utf8;

/*Data for the table `qrtz_simple_triggers` */

LOCK TABLES `qrtz_simple_triggers` WRITE;

UNLOCK TABLES;

/*Table structure for table `qrtz_simprop_triggers` */

DROP TABLE IF EXISTS `qrtz_simprop_triggers`;

CREATE TABLE `qrtz_simprop_triggers` (
  `sched_name` varchar(120) NOT NULL,
  `trigger_name` varchar(200) NOT NULL,
  `trigger_group` varchar(200) NOT NULL,
  `str_prop_1` varchar(512) DEFAULT NULL,
  `str_prop_2` varchar(512) DEFAULT NULL,
  `str_prop_3` varchar(512) DEFAULT NULL,
  `int_prop_1` int(11) DEFAULT NULL,
  `int_prop_2` int(11) DEFAULT NULL,
  `long_prop_1` bigint(20) DEFAULT NULL,
  `long_prop_2` bigint(20) DEFAULT NULL,
  `dec_prop_1` decimal(13,4) DEFAULT NULL,
  `dec_prop_2` decimal(13,4) DEFAULT NULL,
  `bool_prop_1` varchar(1) DEFAULT NULL,
  `bool_prop_2` varchar(1) DEFAULT NULL,
  PRIMARY KEY (`sched_name`,`trigger_name`,`trigger_group`),
  CONSTRAINT `qrtz_simprop_triggers_ibfk_1` FOREIGN KEY (`sched_name`, `trigger_name`, `trigger_group`) REFERENCES `qrtz_triggers` (`sched_name`, `trigger_name`, `trigger_group`)
) ENGINE=InnoDB DEFAULT CHARSET=utf8;

/*Data for the table `qrtz_simprop_triggers` */

LOCK TABLES `qrtz_simprop_triggers` WRITE;

UNLOCK TABLES;

/*Table structure for table `qrtz_triggers` */

DROP TABLE IF EXISTS `qrtz_triggers`;

CREATE TABLE `qrtz_triggers` (
  `sched_name` varchar(120) NOT NULL,
  `trigger_name` varchar(200) NOT NULL,
  `trigger_group` varchar(200) NOT NULL,
  `job_name` varchar(200) NOT NULL,
  `job_group` varchar(200) NOT NULL,
  `description` varchar(250) DEFAULT NULL,
  `next_fire_time` bigint(13) DEFAULT NULL,
  `prev_fire_time` bigint(13) DEFAULT NULL,
  `priority` int(11) DEFAULT NULL,
  `trigger_state` varchar(16) NOT NULL,
  `trigger_type` varchar(8) NOT NULL,
  `start_time` bigint(13) NOT NULL,
  `end_time` bigint(13) DEFAULT NULL,
  `calendar_name` varchar(200) DEFAULT NULL,
  `misfire_instr` smallint(2) DEFAULT NULL,
  `job_data` blob,
  PRIMARY KEY (`sched_name`,`trigger_name`,`trigger_group`),
  KEY `sched_name` (`sched_name`,`job_name`,`job_group`),
  CONSTRAINT `qrtz_triggers_ibfk_1` FOREIGN KEY (`sched_name`, `job_name`, `job_group`) REFERENCES `qrtz_job_details` (`sched_name`, `job_name`, `job_group`)
) ENGINE=InnoDB DEFAULT CHARSET=utf8;

/*Data for the table `qrtz_triggers` */

LOCK TABLES `qrtz_triggers` WRITE;

insert  into `qrtz_triggers`(`sched_name`,`trigger_name`,`trigger_group`,`job_name`,`job_group`,`description`,`next_fire_time`,`prev_fire_time`,`priority`,`trigger_state`,`trigger_type`,`start_time`,`end_time`,`calendar_name`,`misfire_instr`,`job_data`) values 
('RuoyiScheduler','TASK_CLASS_NAME1','DEFAULT','TASK_CLASS_NAME1','DEFAULT',NULL,1569555670000,-1,5,'PAUSED','CRON',1569555670000,0,NULL,2,''),
('RuoyiScheduler','TASK_CLASS_NAME2','DEFAULT','TASK_CLASS_NAME2','DEFAULT',NULL,1569555675000,-1,5,'PAUSED','CRON',1569555670000,0,NULL,2,''),
('RuoyiScheduler','TASK_CLASS_NAME3','DEFAULT','TASK_CLASS_NAME3','DEFAULT',NULL,1569555680000,-1,5,'PAUSED','CRON',1569555670000,0,NULL,2,'');

UNLOCK TABLES;

/*Table structure for table `sys_config` */

DROP TABLE IF EXISTS `sys_config`;

CREATE TABLE `sys_config` (
  `config_id` int(5) NOT NULL AUTO_INCREMENT COMMENT 'å‚æ•°ä¸»é”®',
  `config_name` varchar(100) DEFAULT '' COMMENT 'å‚æ•°åç§°',
  `config_key` varchar(100) DEFAULT '' COMMENT 'å‚æ•°é”®å',
  `config_value` varchar(500) DEFAULT '' COMMENT 'å‚æ•°é”®å€¼',
  `config_type` char(1) DEFAULT 'N' COMMENT 'ç³»ç»Ÿå†…ç½®ï¼ˆYæ˜¯ Nå¦ï¼‰',
  `create_by` varchar(64) DEFAULT '' COMMENT 'åˆ›å»ºè€…',
  `create_time` datetime DEFAULT NULL COMMENT 'åˆ›å»ºæ—¶é—´',
  `update_by` varchar(64) DEFAULT '' COMMENT 'æ›´æ–°è€…',
  `update_time` datetime DEFAULT NULL COMMENT 'æ›´æ–°æ—¶é—´',
  `remark` varchar(500) DEFAULT NULL COMMENT 'å¤‡æ³¨',
  PRIMARY KEY (`config_id`)
) ENGINE=InnoDB AUTO_INCREMENT=4 DEFAULT CHARSET=utf8mb4 COMMENT='å‚æ•°é…ç½®è¡¨';

/*Data for the table `sys_config` */

LOCK TABLES `sys_config` WRITE;

insert  into `sys_config`(`config_id`,`config_name`,`config_key`,`config_value`,`config_type`,`create_by`,`create_time`,`update_by`,`update_time`,`remark`) values 
(1,'ä¸»æ¡†æ¶é¡µ-é»˜è®¤çš®è‚¤æ ·å¼åç§°','sys.index.skinName','skin-blue','Y','admin','2018-03-16 11:33:00','ry','2018-03-16 11:33:00','è“è‰² skin-blueã€ç»¿è‰² skin-greenã€ç´«è‰² skin-purpleã€çº¢è‰² skin-redã€é»„è‰² skin-yellow'),
(2,'ç”¨æˆ·ç®¡ç†-è´¦å·åˆå§‹å¯†ç ','sys.user.initPassword','123456','Y','admin','2018-03-16 11:33:00','ry','2018-03-16 11:33:00','åˆå§‹åŒ–å¯†ç  123456'),
(3,'ä¸»æ¡†æ¶é¡µ-ä¾§è¾¹æ ä¸»é¢˜','sys.index.sideTheme','theme-dark','Y','admin','2018-03-16 11:33:00','ry','2018-03-16 11:33:00','æ·±è‰²ä¸»é¢˜theme-darkï¼Œæµ…è‰²ä¸»é¢˜theme-light');

UNLOCK TABLES;

/*Table structure for table `sys_dept` */

DROP TABLE IF EXISTS `sys_dept`;

CREATE TABLE `sys_dept` (
  `dept_id` bigint(20) NOT NULL AUTO_INCREMENT COMMENT 'éƒ¨é—¨id',
  `parent_id` bigint(20) DEFAULT '0' COMMENT 'çˆ¶éƒ¨é—¨id',
  `ancestors` varchar(50) DEFAULT '' COMMENT 'ç¥–çº§åˆ—è¡¨',
  `dept_name` varchar(30) DEFAULT '' COMMENT 'éƒ¨é—¨åç§°',
  `order_num` int(4) DEFAULT '0' COMMENT 'æ˜¾ç¤ºé¡ºåº',
  `leader` varchar(20) DEFAULT NULL COMMENT 'è´Ÿè´£äºº',
  `phone` varchar(11) DEFAULT NULL COMMENT 'è”ç³»ç”µè¯',
  `email` varchar(50) DEFAULT NULL COMMENT 'é‚®ç®±',
  `status` char(1) DEFAULT '0' COMMENT 'éƒ¨é—¨çŠ¶æ€ï¼ˆ0æ­£å¸¸ 1åœç”¨ï¼‰',
  `del_flag` char(1) DEFAULT '0' COMMENT 'åˆ é™¤æ ‡å¿—ï¼ˆ0ä»£è¡¨å­˜åœ¨ 2ä»£è¡¨åˆ é™¤ï¼‰',
  `create_by` varchar(64) DEFAULT '' COMMENT 'åˆ›å»ºè€…',
  `create_time` datetime DEFAULT NULL COMMENT 'åˆ›å»ºæ—¶é—´',
  `update_by` varchar(64) DEFAULT '' COMMENT 'æ›´æ–°è€…',
  `update_time` datetime DEFAULT NULL COMMENT 'æ›´æ–°æ—¶é—´',
  PRIMARY KEY (`dept_id`)
) ENGINE=InnoDB AUTO_INCREMENT=110 DEFAULT CHARSET=utf8mb4 COMMENT='éƒ¨é—¨è¡¨';

/*Data for the table `sys_dept` */

LOCK TABLES `sys_dept` WRITE;

insert  into `sys_dept`(`dept_id`,`parent_id`,`ancestors`,`dept_name`,`order_num`,`leader`,`phone`,`email`,`status`,`del_flag`,`create_by`,`create_time`,`update_by`,`update_time`) values 
(100,0,'0','è‹¥ä¾ç§‘æŠ€',0,'è‹¥ä¾','15888888888','ry@qq.com','0','0','admin','2018-03-16 11:33:00','ry','2018-03-16 11:33:00'),
(101,100,'0,100','æ·±åœ³æ€»å…¬å¸',1,'è‹¥ä¾','15888888888','ry@qq.com','0','0','admin','2018-03-16 11:33:00','ry','2018-03-16 11:33:00'),
(102,100,'0,100','é•¿æ²™åˆ†å…¬å¸',2,'è‹¥ä¾','15888888888','ry@qq.com','0','0','admin','2018-03-16 11:33:00','ry','2018-03-16 11:33:00'),
(103,101,'0,100,101','ç ”å‘éƒ¨é—¨',1,'è‹¥ä¾','15888888888','ry@qq.com','0','0','admin','2018-03-16 11:33:00','ry','2018-03-16 11:33:00'),
(104,101,'0,100,101','å¸‚åœºéƒ¨é—¨',2,'è‹¥ä¾','15888888888','ry@qq.com','0','0','admin','2018-03-16 11:33:00','ry','2018-03-16 11:33:00'),
(105,101,'0,100,101','æµ‹è¯•éƒ¨é—¨',3,'è‹¥ä¾','15888888888','ry@qq.com','0','0','admin','2018-03-16 11:33:00','ry','2018-03-16 11:33:00'),
(106,101,'0,100,101','è´¢åŠ¡éƒ¨é—¨',4,'è‹¥ä¾','15888888888','ry@qq.com','0','0','admin','2018-03-16 11:33:00','ry','2018-03-16 11:33:00'),
(107,101,'0,100,101','è¿ç»´éƒ¨é—¨',5,'è‹¥ä¾','15888888888','ry@qq.com','0','0','admin','2018-03-16 11:33:00','ry','2018-03-16 11:33:00'),
(108,102,'0,100,102','å¸‚åœºéƒ¨é—¨',1,'è‹¥ä¾','15888888888','ry@qq.com','0','0','admin','2018-03-16 11:33:00','ry','2018-03-16 11:33:00'),
(109,102,'0,100,102','è´¢åŠ¡éƒ¨é—¨',2,'è‹¥ä¾','15888888888','ry@qq.com','0','0','admin','2018-03-16 11:33:00','ry','2018-03-16 11:33:00');

UNLOCK TABLES;

/*Table structure for table `sys_dict_data` */

DROP TABLE IF EXISTS `sys_dict_data`;

CREATE TABLE `sys_dict_data` (
  `dict_code` bigint(20) NOT NULL AUTO_INCREMENT COMMENT 'å­—å…¸ç¼–ç ',
  `dict_sort` int(4) DEFAULT '0' COMMENT 'å­—å…¸æ’åº',
  `dict_label` varchar(100) DEFAULT '' COMMENT 'å­—å…¸æ ‡ç­¾',
  `dict_value` varchar(100) DEFAULT '' COMMENT 'å­—å…¸é”®å€¼',
  `dict_type` varchar(100) DEFAULT '' COMMENT 'å­—å…¸ç±»å‹',
  `css_class` varchar(100) DEFAULT NULL COMMENT 'æ ·å¼å±æ€§ï¼ˆå…¶ä»–æ ·å¼æ‰©å±•ï¼‰',
  `list_class` varchar(100) DEFAULT NULL COMMENT 'è¡¨æ ¼å›æ˜¾æ ·å¼',
  `is_default` char(1) DEFAULT 'N' COMMENT 'æ˜¯å¦é»˜è®¤ï¼ˆYæ˜¯ Nå¦ï¼‰',
  `status` char(1) DEFAULT '0' COMMENT 'çŠ¶æ€ï¼ˆ0æ­£å¸¸ 1åœç”¨ï¼‰',
  `create_by` varchar(64) DEFAULT '' COMMENT 'åˆ›å»ºè€…',
  `create_time` datetime DEFAULT NULL COMMENT 'åˆ›å»ºæ—¶é—´',
  `update_by` varchar(64) DEFAULT '' COMMENT 'æ›´æ–°è€…',
  `update_time` datetime DEFAULT NULL COMMENT 'æ›´æ–°æ—¶é—´',
  `remark` varchar(500) DEFAULT NULL COMMENT 'å¤‡æ³¨',
  PRIMARY KEY (`dict_code`)
) ENGINE=InnoDB AUTO_INCREMENT=29 DEFAULT CHARSET=utf8mb4 COMMENT='å­—å…¸æ•°æ®è¡¨';

/*Data for the table `sys_dict_data` */

LOCK TABLES `sys_dict_data` WRITE;

insert  into `sys_dict_data`(`dict_code`,`dict_sort`,`dict_label`,`dict_value`,`dict_type`,`css_class`,`list_class`,`is_default`,`status`,`create_by`,`create_time`,`update_by`,`update_time`,`remark`) values 
(1,1,'ç”·','0','sys_user_sex','','','Y','0','admin','2018-03-16 11:33:00','ry','2018-03-16 11:33:00','æ€§åˆ«ç”·'),
(2,2,'å¥³','1','sys_user_sex','','','N','0','admin','2018-03-16 11:33:00','ry','2018-03-16 11:33:00','æ€§åˆ«å¥³'),
(3,3,'æœªçŸ¥','2','sys_user_sex','','','N','0','admin','2018-03-16 11:33:00','ry','2018-03-16 11:33:00','æ€§åˆ«æœªçŸ¥'),
(4,1,'æ˜¾ç¤º','0','sys_show_hide','','primary','Y','0','admin','2018-03-16 11:33:00','ry','2018-03-16 11:33:00','æ˜¾ç¤ºèœå•'),
(5,2,'éšè—','1','sys_show_hide','','danger','N','0','admin','2018-03-16 11:33:00','ry','2018-03-16 11:33:00','éšè—èœå•'),
(6,1,'æ­£å¸¸','0','sys_normal_disable','','primary','Y','0','admin','2018-03-16 11:33:00','ry','2018-03-16 11:33:00','æ­£å¸¸çŠ¶æ€'),
(7,2,'åœç”¨','1','sys_normal_disable','','danger','N','0','admin','2018-03-16 11:33:00','ry','2018-03-16 11:33:00','åœç”¨çŠ¶æ€'),
(8,1,'æ­£å¸¸','0','sys_job_status','','primary','Y','0','admin','2018-03-16 11:33:00','ry','2018-03-16 11:33:00','æ­£å¸¸çŠ¶æ€'),
(9,2,'æš‚åœ','1','sys_job_status','','danger','N','0','admin','2018-03-16 11:33:00','ry','2018-03-16 11:33:00','åœç”¨çŠ¶æ€'),
(10,1,'é»˜è®¤','DEFAULT','sys_job_group','','','Y','0','admin','2018-03-16 11:33:00','ry','2018-03-16 11:33:00','é»˜è®¤åˆ†ç»„'),
(11,2,'ç³»ç»Ÿ','SYSTEM','sys_job_group','','','N','0','admin','2018-03-16 11:33:00','ry','2018-03-16 11:33:00','ç³»ç»Ÿåˆ†ç»„'),
(12,1,'æ˜¯','Y','sys_yes_no','','primary','Y','0','admin','2018-03-16 11:33:00','ry','2018-03-16 11:33:00','ç³»ç»Ÿé»˜è®¤æ˜¯'),
(13,2,'å¦','N','sys_yes_no','','danger','N','0','admin','2018-03-16 11:33:00','ry','2018-03-16 11:33:00','ç³»ç»Ÿé»˜è®¤å¦'),
(14,1,'é€šçŸ¥','1','sys_notice_type','','warning','Y','0','admin','2018-03-16 11:33:00','ry','2018-03-16 11:33:00','é€šçŸ¥'),
(15,2,'å…¬å‘Š','2','sys_notice_type','','success','N','0','admin','2018-03-16 11:33:00','ry','2018-03-16 11:33:00','å…¬å‘Š'),
(16,1,'æ­£å¸¸','0','sys_notice_status','','primary','Y','0','admin','2018-03-16 11:33:00','ry','2018-03-16 11:33:00','æ­£å¸¸çŠ¶æ€'),
(17,2,'å…³é—­','1','sys_notice_status','','danger','N','0','admin','2018-03-16 11:33:00','ry','2018-03-16 11:33:00','å…³é—­çŠ¶æ€'),
(18,1,'æ–°å¢','1','sys_oper_type','','info','N','0','admin','2018-03-16 11:33:00','ry','2018-03-16 11:33:00','æ–°å¢æ“ä½œ'),
(19,2,'ä¿®æ”¹','2','sys_oper_type','','info','N','0','admin','2018-03-16 11:33:00','ry','2018-03-16 11:33:00','ä¿®æ”¹æ“ä½œ'),
(20,3,'åˆ é™¤','3','sys_oper_type','','danger','N','0','admin','2018-03-16 11:33:00','ry','2018-03-16 11:33:00','åˆ é™¤æ“ä½œ'),
(21,4,'æˆæƒ','4','sys_oper_type','','primary','N','0','admin','2018-03-16 11:33:00','ry','2018-03-16 11:33:00','æˆæƒæ“ä½œ'),
(22,5,'å¯¼å‡º','5','sys_oper_type','','warning','N','0','admin','2018-03-16 11:33:00','ry','2018-03-16 11:33:00','å¯¼å‡ºæ“ä½œ'),
(23,6,'å¯¼å…¥','6','sys_oper_type','','warning','N','0','admin','2018-03-16 11:33:00','ry','2018-03-16 11:33:00','å¯¼å…¥æ“ä½œ'),
(24,7,'å¼ºé€€','7','sys_oper_type','','danger','N','0','admin','2018-03-16 11:33:00','ry','2018-03-16 11:33:00','å¼ºé€€æ“ä½œ'),
(25,8,'ç”Ÿæˆä»£ç ','8','sys_oper_type','','warning','N','0','admin','2018-03-16 11:33:00','ry','2018-03-16 11:33:00','ç”Ÿæˆæ“ä½œ'),
(26,9,'æ¸…ç©ºæ•°æ®','9','sys_oper_type','','danger','N','0','admin','2018-03-16 11:33:00','ry','2018-03-16 11:33:00','æ¸…ç©ºæ“ä½œ'),
(27,1,'æˆåŠŸ','0','sys_common_status','','primary','N','0','admin','2018-03-16 11:33:00','ry','2018-03-16 11:33:00','æ­£å¸¸çŠ¶æ€'),
(28,2,'å¤±è´¥','1','sys_common_status','','danger','N','0','admin','2018-03-16 11:33:00','ry','2018-03-16 11:33:00','åœç”¨çŠ¶æ€');

UNLOCK TABLES;

/*Table structure for table `sys_dict_type` */

DROP TABLE IF EXISTS `sys_dict_type`;

CREATE TABLE `sys_dict_type` (
  `dict_id` bigint(20) NOT NULL AUTO_INCREMENT COMMENT 'å­—å…¸ä¸»é”®',
  `dict_name` varchar(100) DEFAULT '' COMMENT 'å­—å…¸åç§°',
  `dict_type` varchar(100) DEFAULT '' COMMENT 'å­—å…¸ç±»å‹',
  `status` char(1) DEFAULT '0' COMMENT 'çŠ¶æ€ï¼ˆ0æ­£å¸¸ 1åœç”¨ï¼‰',
  `create_by` varchar(64) DEFAULT '' COMMENT 'åˆ›å»ºè€…',
  `create_time` datetime DEFAULT NULL COMMENT 'åˆ›å»ºæ—¶é—´',
  `update_by` varchar(64) DEFAULT '' COMMENT 'æ›´æ–°è€…',
  `update_time` datetime DEFAULT NULL COMMENT 'æ›´æ–°æ—¶é—´',
  `remark` varchar(500) DEFAULT NULL COMMENT 'å¤‡æ³¨',
  PRIMARY KEY (`dict_id`),
  UNIQUE KEY `dict_type` (`dict_type`)
) ENGINE=InnoDB AUTO_INCREMENT=11 DEFAULT CHARSET=utf8mb4 COMMENT='å­—å…¸ç±»å‹è¡¨';

/*Data for the table `sys_dict_type` */

LOCK TABLES `sys_dict_type` WRITE;

insert  into `sys_dict_type`(`dict_id`,`dict_name`,`dict_type`,`status`,`create_by`,`create_time`,`update_by`,`update_time`,`remark`) values 
(1,'ç”¨æˆ·æ€§åˆ«','sys_user_sex','0','admin','2018-03-16 11:33:00','ry','2018-03-16 11:33:00','ç”¨æˆ·æ€§åˆ«åˆ—è¡¨'),
(2,'èœå•çŠ¶æ€','sys_show_hide','0','admin','2018-03-16 11:33:00','ry','2018-03-16 11:33:00','èœå•çŠ¶æ€åˆ—è¡¨'),
(3,'ç³»ç»Ÿå¼€å…³','sys_normal_disable','0','admin','2018-03-16 11:33:00','ry','2018-03-16 11:33:00','ç³»ç»Ÿå¼€å…³åˆ—è¡¨'),
(4,'ä»»åŠ¡çŠ¶æ€','sys_job_status','0','admin','2018-03-16 11:33:00','ry','2018-03-16 11:33:00','ä»»åŠ¡çŠ¶æ€åˆ—è¡¨'),
(5,'ä»»åŠ¡åˆ†ç»„','sys_job_group','0','admin','2018-03-16 11:33:00','ry','2018-03-16 11:33:00','ä»»åŠ¡åˆ†ç»„åˆ—è¡¨'),
(6,'ç³»ç»Ÿæ˜¯å¦','sys_yes_no','0','admin','2018-03-16 11:33:00','ry','2018-03-16 11:33:00','ç³»ç»Ÿæ˜¯å¦åˆ—è¡¨'),
(7,'é€šçŸ¥ç±»å‹','sys_notice_type','0','admin','2018-03-16 11:33:00','ry','2018-03-16 11:33:00','é€šçŸ¥ç±»å‹åˆ—è¡¨'),
(8,'é€šçŸ¥çŠ¶æ€','sys_notice_status','0','admin','2018-03-16 11:33:00','ry','2018-03-16 11:33:00','é€šçŸ¥çŠ¶æ€åˆ—è¡¨'),
(9,'æ“ä½œç±»å‹','sys_oper_type','0','admin','2018-03-16 11:33:00','ry','2018-03-16 11:33:00','æ“ä½œç±»å‹åˆ—è¡¨'),
(10,'ç³»ç»ŸçŠ¶æ€','sys_common_status','0','admin','2018-03-16 11:33:00','ry','2018-03-16 11:33:00','ç™»å½•çŠ¶æ€åˆ—è¡¨');

UNLOCK TABLES;

/*Table structure for table `sys_file_info` */

DROP TABLE IF EXISTS `sys_file_info`;

CREATE TABLE `sys_file_info` (
  `id` bigint(20) NOT NULL AUTO_INCREMENT COMMENT 'id',
  `createTime` datetime DEFAULT NULL COMMENT 'åˆ›å»ºæ—¶é—´',
  `name` varchar(100) DEFAULT NULL COMMENT 'æ–‡ä»¶åç§°',
  `abPath` varchar(150) DEFAULT NULL COMMENT 'ç»å¯¹è·¯å¾„',
  `rtPath` varchar(100) DEFAULT NULL COMMENT 'ç›¸å¯¹è·¯å¾„',
  `url` varchar(200) DEFAULT NULL COMMENT 'ç½‘ç»œåœ°å€',
  PRIMARY KEY (`id`)
) ENGINE=InnoDB DEFAULT CHARSET=utf8mb4 COMMENT='æ–‡ä»¶è¡¨';

/*Data for the table `sys_file_info` */

LOCK TABLES `sys_file_info` WRITE;

UNLOCK TABLES;

/*Table structure for table `sys_job` */

DROP TABLE IF EXISTS `sys_job`;

CREATE TABLE `sys_job` (
  `job_id` bigint(20) NOT NULL AUTO_INCREMENT COMMENT 'ä»»åŠ¡ID',
  `job_name` varchar(64) NOT NULL DEFAULT '' COMMENT 'ä»»åŠ¡åç§°',
  `job_group` varchar(64) NOT NULL DEFAULT 'DEFAULT' COMMENT 'ä»»åŠ¡ç»„å',
  `invoke_target` varchar(500) NOT NULL COMMENT 'è°ƒç”¨ç›®æ ‡å­—ç¬¦ä¸²',
  `cron_expression` varchar(255) DEFAULT '' COMMENT 'cronæ‰§è¡Œè¡¨è¾¾å¼',
  `misfire_policy` varchar(20) DEFAULT '3' COMMENT 'è®¡åˆ’æ‰§è¡Œé”™è¯¯ç­–ç•¥ï¼ˆ1ç«‹å³æ‰§è¡Œ 2æ‰§è¡Œä¸€æ¬¡ 3æ”¾å¼ƒæ‰§è¡Œï¼‰',
  `concurrent` char(1) DEFAULT '1' COMMENT 'æ˜¯å¦å¹¶å‘æ‰§è¡Œï¼ˆ0å…è®¸ 1ç¦æ­¢ï¼‰',
  `status` char(1) DEFAULT '0' COMMENT 'çŠ¶æ€ï¼ˆ0æ­£å¸¸ 1æš‚åœï¼‰',
  `create_by` varchar(64) DEFAULT '' COMMENT 'åˆ›å»ºè€…',
  `create_time` datetime DEFAULT NULL COMMENT 'åˆ›å»ºæ—¶é—´',
  `update_by` varchar(64) DEFAULT '' COMMENT 'æ›´æ–°è€…',
  `update_time` datetime DEFAULT NULL COMMENT 'æ›´æ–°æ—¶é—´',
  `remark` varchar(500) DEFAULT '' COMMENT 'å¤‡æ³¨ä¿¡æ¯',
  PRIMARY KEY (`job_id`,`job_name`,`job_group`)
) ENGINE=InnoDB AUTO_INCREMENT=4 DEFAULT CHARSET=utf8mb4 COMMENT='å®šæ—¶ä»»åŠ¡è°ƒåº¦è¡¨';

/*Data for the table `sys_job` */

LOCK TABLES `sys_job` WRITE;

insert  into `sys_job`(`job_id`,`job_name`,`job_group`,`invoke_target`,`cron_expression`,`misfire_policy`,`concurrent`,`status`,`create_by`,`create_time`,`update_by`,`update_time`,`remark`) values 
(1,'ç³»ç»Ÿé»˜è®¤ï¼ˆæ— å‚ï¼‰','DEFAULT','ryTask.ryNoParams','0/10 * * * * ?','3','1','1','admin','2018-03-16 11:33:00','ry','2018-03-16 11:33:00',''),
(2,'ç³»ç»Ÿé»˜è®¤ï¼ˆæœ‰å‚ï¼‰','DEFAULT','ryTask.ryParams(\'ry\')','0/15 * * * * ?','3','1','1','admin','2018-03-16 11:33:00','ry','2018-03-16 11:33:00',''),
(3,'ç³»ç»Ÿé»˜è®¤ï¼ˆå¤šå‚ï¼‰','DEFAULT','ryTask.ryMultipleParams(\'ry\', true, 2000L, 316.50D, 100)','0/20 * * * * ?','3','1','1','admin','2018-03-16 11:33:00','ry','2018-03-16 11:33:00','');

UNLOCK TABLES;

/*Table structure for table `sys_job_log` */

DROP TABLE IF EXISTS `sys_job_log`;

CREATE TABLE `sys_job_log` (
  `job_log_id` bigint(20) NOT NULL AUTO_INCREMENT COMMENT 'ä»»åŠ¡æ—¥å¿—ID',
  `job_name` varchar(64) NOT NULL COMMENT 'ä»»åŠ¡åç§°',
  `job_group` varchar(64) NOT NULL COMMENT 'ä»»åŠ¡ç»„å',
  `invoke_target` varchar(500) NOT NULL COMMENT 'è°ƒç”¨ç›®æ ‡å­—ç¬¦ä¸²',
  `job_message` varchar(500) DEFAULT NULL COMMENT 'æ—¥å¿—ä¿¡æ¯',
  `status` char(1) DEFAULT '0' COMMENT 'æ‰§è¡ŒçŠ¶æ€ï¼ˆ0æ­£å¸¸ 1å¤±è´¥ï¼‰',
  `exception_info` varchar(2000) DEFAULT '' COMMENT 'å¼‚å¸¸ä¿¡æ¯',
  `create_time` datetime DEFAULT NULL COMMENT 'åˆ›å»ºæ—¶é—´',
  PRIMARY KEY (`job_log_id`)
) ENGINE=InnoDB DEFAULT CHARSET=utf8mb4 COMMENT='å®šæ—¶ä»»åŠ¡è°ƒåº¦æ—¥å¿—è¡¨';

/*Data for the table `sys_job_log` */

LOCK TABLES `sys_job_log` WRITE;

UNLOCK TABLES;

/*Table structure for table `sys_logininfor` */

DROP TABLE IF EXISTS `sys_logininfor`;

CREATE TABLE `sys_logininfor` (
  `info_id` bigint(20) NOT NULL AUTO_INCREMENT COMMENT 'è®¿é—®ID',
  `login_name` varchar(50) DEFAULT '' COMMENT 'ç™»å½•è´¦å·',
  `ipaddr` varchar(50) DEFAULT '' COMMENT 'ç™»å½•IPåœ°å€',
  `login_location` varchar(255) DEFAULT '' COMMENT 'ç™»å½•åœ°ç‚¹',
  `browser` varchar(50) DEFAULT '' COMMENT 'æµè§ˆå™¨ç±»å‹',
  `os` varchar(50) DEFAULT '' COMMENT 'æ“ä½œç³»ç»Ÿ',
  `status` char(1) DEFAULT '0' COMMENT 'ç™»å½•çŠ¶æ€ï¼ˆ0æˆåŠŸ 1å¤±è´¥ï¼‰',
  `msg` varchar(255) DEFAULT '' COMMENT 'æç¤ºæ¶ˆæ¯',
  `login_time` datetime DEFAULT NULL COMMENT 'è®¿é—®æ—¶é—´',
  PRIMARY KEY (`info_id`)
) ENGINE=InnoDB AUTO_INCREMENT=203 DEFAULT CHARSET=utf8mb4 COMMENT='ç³»ç»Ÿè®¿é—®è®°å½•';

/*Data for the table `sys_logininfor` */

LOCK TABLES `sys_logininfor` WRITE;

insert  into `sys_logininfor`(`info_id`,`login_name`,`ipaddr`,`login_location`,`browser`,`os`,`status`,`msg`,`login_time`) values 
(100,'admin','127.0.0.1','å†…ç½‘IP','Chrome','Windows 10','0','é€€å‡ºæˆåŠŸ','2019-09-13 16:52:43'),
(101,'admin','127.0.0.1','å†…ç½‘IP','Chrome','Windows 10','0','ç™»å½•æˆåŠŸ','2019-09-13 16:52:47'),
(102,'admin','127.0.0.1','å†…ç½‘IP','Chrome','Windows 10','0','é€€å‡ºæˆåŠŸ','2019-09-13 19:04:49'),
(103,'admin','127.0.0.1','å†…ç½‘IP','Chrome','Windows 10','0','ç™»å½•æˆåŠŸ','2019-09-13 19:04:54'),
(104,'admin','127.0.0.1','å†…ç½‘IP','Chrome','Windows 10','0','é€€å‡ºæˆåŠŸ','2019-09-14 00:35:18'),
(105,'admin','127.0.0.1','å†…ç½‘IP','Chrome','Windows 10','0','ç™»å½•æˆåŠŸ','2019-09-14 00:35:23'),
(106,'admin','127.0.0.1','å†…ç½‘IP','Chrome','Windows 10','0','é€€å‡ºæˆåŠŸ','2019-09-14 13:15:55'),
(107,'admin','127.0.0.1','å†…ç½‘IP','Chrome','Windows 10','1','éªŒè¯ç é”™è¯¯','2019-09-14 13:16:01'),
(108,'admin','127.0.0.1','å†…ç½‘IP','Chrome','Windows 10','0','ç™»å½•æˆåŠŸ','2019-09-14 13:16:04'),
(109,'admin','127.0.0.1','å†…ç½‘IP','Chrome','Windows 10','0','é€€å‡ºæˆåŠŸ','2019-09-14 17:54:34'),
(110,'admin','127.0.0.1','å†…ç½‘IP','Chrome','Windows 10','0','ç™»å½•æˆåŠŸ','2019-09-14 17:54:40'),
(111,'admin','127.0.0.1','å†…ç½‘IP','Chrome','Windows 10','0','ç™»å½•æˆåŠŸ','2019-09-14 18:32:38'),
(112,'admin','127.0.0.1','å†…ç½‘IP','Chrome','Windows 10','0','ç™»å½•æˆåŠŸ','2019-09-14 18:34:47'),
(113,'admin','127.0.0.1','å†…ç½‘IP','Chrome','Windows 10','0','ç™»å½•æˆåŠŸ','2019-09-14 18:45:47'),
(114,'admin','127.0.0.1','å†…ç½‘IP','Chrome','Windows 10','0','ç™»å½•æˆåŠŸ','2019-09-14 20:52:56'),
(115,'admin','127.0.0.1','å†…ç½‘IP','Chrome','Windows 10','0','é€€å‡ºæˆåŠŸ','2019-09-14 23:26:08'),
(116,'admin','127.0.0.1','å†…ç½‘IP','Chrome','Windows 10','0','ç™»å½•æˆåŠŸ','2019-09-14 23:26:19'),
(117,'admin','127.0.0.1','å†…ç½‘IP','Chrome','Windows 10','0','ç™»å½•æˆåŠŸ','2019-09-14 23:45:13'),
(118,'admin','127.0.0.1','å†…ç½‘IP','Chrome','Windows 10','0','é€€å‡ºæˆåŠŸ','2019-09-15 00:30:33'),
(119,'admin','127.0.0.1','å†…ç½‘IP','Chrome','Windows 10','0','ç™»å½•æˆåŠŸ','2019-09-15 00:30:38'),
(120,'admin','127.0.0.1','å†…ç½‘IP','Chrome','Windows 10','0','ç™»å½•æˆåŠŸ','2019-09-15 00:51:53'),
(121,'admin','127.0.0.1','å†…ç½‘IP','Chrome','Windows 10','0','ç™»å½•æˆåŠŸ','2019-09-15 23:47:21'),
(122,'admin','127.0.0.1','å†…ç½‘IP','Chrome','Windows 10','1','éªŒè¯ç é”™è¯¯','2019-09-16 00:51:16'),
(123,'admin','127.0.0.1','å†…ç½‘IP','Chrome','Windows 10','0','ç™»å½•æˆåŠŸ','2019-09-16 00:51:19'),
(124,'admin','127.0.0.1','å†…ç½‘IP','Chrome','Windows 10','0','ç™»å½•æˆåŠŸ','2019-09-19 23:03:59'),
(125,'admin','127.0.0.1','å†…ç½‘IP','Chrome','Windows 10','0','ç™»å½•æˆåŠŸ','2019-09-19 23:38:09'),
(126,'admin','127.0.0.1','å†…ç½‘IP','Chrome','Windows 10','0','ç™»å½•æˆåŠŸ','2019-09-19 23:40:50'),
(127,'admin','127.0.0.1','å†…ç½‘IP','Chrome','Windows 10','0','ç™»å½•æˆåŠŸ','2019-09-20 19:19:57'),
(128,'admin','127.0.0.1','å†…ç½‘IP','Chrome','Windows 10','0','ç™»å½•æˆåŠŸ','2019-09-20 22:47:53'),
(129,'admin','127.0.0.1','å†…ç½‘IP','Chrome','Windows 10','0','ç™»å½•æˆåŠŸ','2019-09-20 23:37:53'),
(130,'admin','127.0.0.1','å†…ç½‘IP','Chrome','Windows 10','0','ç™»å½•æˆåŠŸ','2019-09-21 00:09:05'),
(131,'admin','127.0.0.1','å†…ç½‘IP','Chrome','Windows 10','1','éªŒè¯ç é”™è¯¯','2019-09-21 10:03:58'),
(132,'admin','127.0.0.1','å†…ç½‘IP','Chrome','Windows 10','0','ç™»å½•æˆåŠŸ','2019-09-21 10:04:00'),
(133,'admin','127.0.0.1','å†…ç½‘IP','Chrome','Windows 10','0','ç™»å½•æˆåŠŸ','2019-09-21 10:20:40'),
(134,'admin','127.0.0.1','å†…ç½‘IP','Chrome','Windows 10','0','ç™»å½•æˆåŠŸ','2019-09-21 10:40:55'),
(135,'admin','127.0.0.1','å†…ç½‘IP','Chrome','Windows 10','0','ç™»å½•æˆåŠŸ','2019-09-21 11:58:51'),
(136,'admin','127.0.0.1','å†…ç½‘IP','Chrome','Windows 10','1','éªŒè¯ç é”™è¯¯','2019-09-21 14:10:04'),
(137,'admin','127.0.0.1','å†…ç½‘IP','Chrome','Windows 10','0','ç™»å½•æˆåŠŸ','2019-09-21 14:10:06'),
(138,'admin','127.0.0.1','å†…ç½‘IP','Chrome','Windows 10','0','ç™»å½•æˆåŠŸ','2019-09-21 14:13:43'),
(139,'admin','127.0.0.1','å†…ç½‘IP','Chrome','Windows 10','0','ç™»å½•æˆåŠŸ','2019-09-21 14:20:40'),
(140,'admin','127.0.0.1','å†…ç½‘IP','Chrome','Windows 10','1','éªŒè¯ç é”™è¯¯','2019-09-21 14:24:21'),
(141,'admin','127.0.0.1','å†…ç½‘IP','Chrome','Windows 10','0','ç™»å½•æˆåŠŸ','2019-09-21 14:24:24'),
(142,'admin','127.0.0.1','å†…ç½‘IP','Chrome','Windows 10','0','é€€å‡ºæˆåŠŸ','2019-09-21 14:34:14'),
(143,'admin','127.0.0.1','å†…ç½‘IP','Chrome','Windows 10','1','éªŒè¯ç é”™è¯¯','2019-09-21 14:34:19'),
(144,'admin','127.0.0.1','å†…ç½‘IP','Chrome','Windows 10','0','ç™»å½•æˆåŠŸ','2019-09-21 14:34:24'),
(145,'admin','127.0.0.1','å†…ç½‘IP','Chrome','Windows 10','0','é€€å‡ºæˆåŠŸ','2019-09-21 15:01:32'),
(146,'admin','127.0.0.1','å†…ç½‘IP','Chrome','Windows 10','0','ç™»å½•æˆåŠŸ','2019-09-21 15:01:35'),
(147,'admin','127.0.0.1','å†…ç½‘IP','Chrome','Windows 10','0','é€€å‡ºæˆåŠŸ','2019-09-21 15:06:44'),
(148,'admin','127.0.0.1','å†…ç½‘IP','Chrome','Windows 10','0','ç™»å½•æˆåŠŸ','2019-09-21 15:06:48'),
(149,'admin','127.0.0.1','å†…ç½‘IP','Chrome','Windows 10','0','ç™»å½•æˆåŠŸ','2019-09-21 15:34:27'),
(150,'admin','127.0.0.1','å†…ç½‘IP','Chrome','Windows 10','1','éªŒè¯ç é”™è¯¯','2019-09-21 19:37:28'),
(151,'admin','127.0.0.1','å†…ç½‘IP','Chrome','Windows 10','1','éªŒè¯ç é”™è¯¯','2019-09-21 19:37:31'),
(152,'admin','127.0.0.1','å†…ç½‘IP','Chrome','Windows 10','0','ç™»å½•æˆåŠŸ','2019-09-21 19:37:34'),
(153,'admin','127.0.0.1','å†…ç½‘IP','Chrome','Windows 10','0','ç™»å½•æˆåŠŸ','2019-09-22 23:33:07'),
(154,'admin','127.0.0.1','å†…ç½‘IP','Chrome','Windows 10','1','éªŒè¯ç é”™è¯¯','2019-09-22 23:49:39'),
(155,'admin','127.0.0.1','å†…ç½‘IP','Chrome','Windows 10','0','ç™»å½•æˆåŠŸ','2019-09-22 23:49:44'),
(156,'admin','127.0.0.1','å†…ç½‘IP','Chrome','Windows 10','0','ç™»å½•æˆåŠŸ','2019-09-22 23:57:12'),
(157,'admin','127.0.0.1','å†…ç½‘IP','Chrome','Windows 10','0','ç™»å½•æˆåŠŸ','2019-09-23 00:06:15'),
(158,'admin','127.0.0.1','å†…ç½‘IP','Chrome','Windows 10','1','éªŒè¯ç é”™è¯¯','2019-09-23 00:21:32'),
(159,'admin','127.0.0.1','å†…ç½‘IP','Chrome','Windows 10','1','éªŒè¯ç é”™è¯¯','2019-09-23 00:21:34'),
(160,'admin','127.0.0.1','å†…ç½‘IP','Chrome','Windows 10','0','ç™»å½•æˆåŠŸ','2019-09-23 00:21:37'),
(161,'admin','127.0.0.1','å†…ç½‘IP','Chrome','Windows 10','1','éªŒè¯ç é”™è¯¯','2019-09-23 00:27:20'),
(162,'admin','127.0.0.1','å†…ç½‘IP','Chrome','Windows 10','0','ç™»å½•æˆåŠŸ','2019-09-23 00:28:32'),
(163,'admin','127.0.0.1','å†…ç½‘IP','Chrome','Windows 10','0','ç™»å½•æˆåŠŸ','2019-09-23 00:58:01'),
(164,'admin','127.0.0.1','å†…ç½‘IP','Chrome','Windows 10','0','ç™»å½•æˆåŠŸ','2019-09-23 01:01:42'),
(165,'admin','127.0.0.1','å†…ç½‘IP','Chrome','Windows 10','1','éªŒè¯ç é”™è¯¯','2019-09-23 01:05:50'),
(166,'admin','127.0.0.1','å†…ç½‘IP','Chrome','Windows 10','0','ç™»å½•æˆåŠŸ','2019-09-23 01:05:53'),
(167,'admin','127.0.0.1','å†…ç½‘IP','Chrome','Windows 10','1','éªŒè¯ç é”™è¯¯','2019-09-23 01:08:22'),
(168,'admin','127.0.0.1','å†…ç½‘IP','Chrome','Windows 10','1','éªŒè¯ç é”™è¯¯','2019-09-23 01:08:26'),
(169,'admin','127.0.0.1','å†…ç½‘IP','Chrome','Windows 10','1','éªŒè¯ç é”™è¯¯','2019-09-23 01:08:29'),
(170,'admin','127.0.0.1','å†…ç½‘IP','Chrome','Windows 10','0','ç™»å½•æˆåŠŸ','2019-09-23 01:08:31'),
(171,'admin','127.0.0.1','å†…ç½‘IP','Chrome','Windows 10','1','éªŒè¯ç é”™è¯¯','2019-09-23 01:15:12'),
(172,'admin','127.0.0.1','å†…ç½‘IP','Chrome','Windows 10','0','ç™»å½•æˆåŠŸ','2019-09-23 01:15:14'),
(173,'admin','127.0.0.1','å†…ç½‘IP','Chrome','Windows 10','0','ç™»å½•æˆåŠŸ','2019-09-23 23:23:47'),
(174,'admin','127.0.0.1','å†…ç½‘IP','Chrome','Windows 10','0','ç™»å½•æˆåŠŸ','2019-09-24 21:38:54'),
(175,'admin','127.0.0.1','å†…ç½‘IP','Chrome','Windows 10','0','ç™»å½•æˆåŠŸ','2019-09-24 22:35:53'),
(176,'admin','127.0.0.1','å†…ç½‘IP','Chrome','Windows 10','0','ç™»å½•æˆåŠŸ','2019-09-24 23:48:32'),
(177,'admin','127.0.0.1','å†…ç½‘IP','Chrome','Windows 10','1','éªŒè¯ç é”™è¯¯','2019-09-26 00:21:17'),
(178,'admin','127.0.0.1','å†…ç½‘IP','Chrome','Windows 10','0','ç™»å½•æˆåŠŸ','2019-09-26 00:21:19'),
(179,'admin','127.0.0.1','å†…ç½‘IP','Chrome','Windows 10','0','ç™»å½•æˆåŠŸ','2019-09-26 00:26:39'),
(180,'admin','127.0.0.1','å†…ç½‘IP','Chrome','Windows 10','1','éªŒè¯ç é”™è¯¯','2019-09-26 00:30:58'),
(181,'admin','127.0.0.1','å†…ç½‘IP','Chrome','Windows 10','1','éªŒè¯ç é”™è¯¯','2019-09-26 00:31:01'),
(182,'admin','127.0.0.1','å†…ç½‘IP','Chrome','Windows 10','0','ç™»å½•æˆåŠŸ','2019-09-26 00:31:03'),
(183,'admin','127.0.0.1','å†…ç½‘IP','Chrome','Windows 10','0','ç™»å½•æˆåŠŸ','2019-09-26 00:34:30'),
(184,'admin','127.0.0.1','å†…ç½‘IP','Chrome','Windows 10','0','ç™»å½•æˆåŠŸ','2019-09-26 00:44:13'),
(185,'admin','127.0.0.1','å†…ç½‘IP','Chrome','Windows 10','0','ç™»å½•æˆåŠŸ','2019-09-26 11:47:24'),
(186,'admin','127.0.0.1','å†…ç½‘IP','Chrome','Windows 10','0','é€€å‡ºæˆåŠŸ','2019-09-26 11:48:48'),
(187,'admin','127.0.0.1','å†…ç½‘IP','Chrome','Windows 10','0','ç™»å½•æˆåŠŸ','2019-09-26 11:49:03'),
(188,'admin','127.0.0.1','å†…ç½‘IP','Chrome','Windows 10','0','é€€å‡ºæˆåŠŸ','2019-09-26 11:51:04'),
(189,'admin','127.0.0.1','å†…ç½‘IP','Chrome','Windows 10','0','ç™»å½•æˆåŠŸ','2019-09-26 11:51:33'),
(190,'admin','127.0.0.1','å†…ç½‘IP','Chrome','Windows 10','0','ç™»å½•æˆåŠŸ','2019-09-26 14:47:19'),
(191,'admin','127.0.0.1','å†…ç½‘IP','Chrome','Windows 10','1','éªŒè¯ç é”™è¯¯','2019-09-26 15:23:01'),
(192,'admin','127.0.0.1','å†…ç½‘IP','Chrome','Windows 10','0','ç™»å½•æˆåŠŸ','2019-09-26 15:23:07'),
(193,'admin','127.0.0.1','å†…ç½‘IP','Chrome','Windows 10','1','éªŒè¯ç é”™è¯¯','2019-09-26 15:24:36'),
(194,'admin','127.0.0.1','å†…ç½‘IP','Chrome','Windows 10','1','éªŒè¯ç é”™è¯¯','2019-09-26 15:35:47'),
(195,'admin','127.0.0.1','å†…ç½‘IP','Chrome','Windows 10','1','å¯†ç è¾“å…¥é”™è¯¯1æ¬¡','2019-09-26 15:46:13'),
(196,'admin','127.0.0.1','å†…ç½‘IP','Chrome','Windows 10','1','éªŒè¯ç é”™è¯¯','2019-09-26 15:52:14'),
(197,'admin','127.0.0.1','å†…ç½‘IP','Chrome','Windows 10','0','ç™»å½•æˆåŠŸ','2019-09-26 15:52:17'),
(198,'admin','127.0.0.1','å†…ç½‘IP','Chrome','Windows 10','0','ç™»å½•æˆåŠŸ','2019-09-26 15:52:24'),
(199,'admin','127.0.0.1','å†…ç½‘IP','Chrome','Windows 10','0','ç™»å½•æˆåŠŸ','2019-09-26 16:00:15'),
(200,'admin','127.0.0.1','å†…ç½‘IP','Chrome','Windows 10','0','ç™»å½•æˆåŠŸ','2019-09-27 10:30:10'),
(201,'admin','127.0.0.1','å†…ç½‘IP','Chrome','Windows 10','0','ç™»å½•æˆåŠŸ','2019-09-27 11:32:49'),
(202,'admin','127.0.0.1','å†…ç½‘IP','Chrome','Windows 10','0','ç™»å½•æˆåŠŸ','2019-09-27 11:41:23');

UNLOCK TABLES;

/*Table structure for table `sys_menu` */

DROP TABLE IF EXISTS `sys_menu`;

CREATE TABLE `sys_menu` (
  `menu_id` bigint(20) NOT NULL AUTO_INCREMENT COMMENT 'èœå•ID',
  `menu_name` varchar(50) NOT NULL COMMENT 'èœå•åç§°',
  `parent_id` bigint(20) DEFAULT '0' COMMENT 'çˆ¶èœå•ID',
  `order_num` int(4) DEFAULT '0' COMMENT 'æ˜¾ç¤ºé¡ºåº',
  `url` varchar(200) DEFAULT '#' COMMENT 'è¯·æ±‚åœ°å€',
  `target` varchar(20) DEFAULT '' COMMENT 'æ‰“å¼€æ–¹å¼ï¼ˆmenuItemé¡µç­¾ menuBlankæ–°çª—å£ï¼‰',
  `menu_type` char(1) DEFAULT '' COMMENT 'èœå•ç±»å‹ï¼ˆMç›®å½• Cèœå• FæŒ‰é’®ï¼‰',
  `visible` char(1) DEFAULT '0' COMMENT 'èœå•çŠ¶æ€ï¼ˆ0æ˜¾ç¤º 1éšè—ï¼‰',
  `perms` varchar(100) DEFAULT NULL COMMENT 'æƒé™æ ‡è¯†',
  `icon` varchar(100) DEFAULT '#' COMMENT 'èœå•å›¾æ ‡',
  `create_by` varchar(64) DEFAULT '' COMMENT 'åˆ›å»ºè€…',
  `create_time` datetime DEFAULT NULL COMMENT 'åˆ›å»ºæ—¶é—´',
  `update_by` varchar(64) DEFAULT '' COMMENT 'æ›´æ–°è€…',
  `update_time` datetime DEFAULT NULL COMMENT 'æ›´æ–°æ—¶é—´',
  `remark` varchar(500) DEFAULT '' COMMENT 'å¤‡æ³¨',
  PRIMARY KEY (`menu_id`)
) ENGINE=InnoDB AUTO_INCREMENT=2051 DEFAULT CHARSET=utf8mb4 COMMENT='èœå•æƒé™è¡¨';

/*Data for the table `sys_menu` */

LOCK TABLES `sys_menu` WRITE;

insert  into `sys_menu`(`menu_id`,`menu_name`,`parent_id`,`order_num`,`url`,`target`,`menu_type`,`visible`,`perms`,`icon`,`create_by`,`create_time`,`update_by`,`update_time`,`remark`) values 
(1,'ç³»ç»Ÿç®¡ç†',0,1,'#','','M','0','','fa fa-gear','admin','2018-03-16 11:33:00','ry','2018-03-16 11:33:00','ç³»ç»Ÿç®¡ç†ç›®å½•'),
(2,'ç³»ç»Ÿç›‘æ§',0,2,'#','','M','0','','fa fa-video-camera','admin','2018-03-16 11:33:00','ry','2018-03-16 11:33:00','ç³»ç»Ÿç›‘æ§ç›®å½•'),
(3,'ç³»ç»Ÿå·¥å…·',0,3,'#','','M','0','','fa fa-bars','admin','2018-03-16 11:33:00','ry','2018-03-16 11:33:00','ç³»ç»Ÿå·¥å…·ç›®å½•'),
(100,'ç”¨æˆ·ç®¡ç†',1,1,'/system/user','','C','0','system:user:view','#','admin','2018-03-16 11:33:00','ry','2018-03-16 11:33:00','ç”¨æˆ·ç®¡ç†èœå•'),
(101,'è§’è‰²ç®¡ç†',1,2,'/system/role','','C','0','system:role:view','#','admin','2018-03-16 11:33:00','ry','2018-03-16 11:33:00','è§’è‰²ç®¡ç†èœå•'),
(102,'èœå•ç®¡ç†',1,3,'/system/menu','','C','0','system:menu:view','#','admin','2018-03-16 11:33:00','ry','2018-03-16 11:33:00','èœå•ç®¡ç†èœå•'),
(103,'éƒ¨é—¨ç®¡ç†',1,4,'/system/dept','','C','0','system:dept:view','#','admin','2018-03-16 11:33:00','ry','2018-03-16 11:33:00','éƒ¨é—¨ç®¡ç†èœå•'),
(104,'å²—ä½ç®¡ç†',1,5,'/system/post','','C','0','system:post:view','#','admin','2018-03-16 11:33:00','ry','2018-03-16 11:33:00','å²—ä½ç®¡ç†èœå•'),
(105,'å­—å…¸ç®¡ç†',1,6,'/system/dict','','C','0','system:dict:view','#','admin','2018-03-16 11:33:00','ry','2018-03-16 11:33:00','å­—å…¸ç®¡ç†èœå•'),
(106,'å‚æ•°è®¾ç½®',1,7,'/system/config','','C','0','system:config:view','#','admin','2018-03-16 11:33:00','ry','2018-03-16 11:33:00','å‚æ•°è®¾ç½®èœå•'),
(107,'é€šçŸ¥å…¬å‘Š',1,8,'/system/notice','','C','0','system:notice:view','#','admin','2018-03-16 11:33:00','ry','2018-03-16 11:33:00','é€šçŸ¥å…¬å‘Šèœå•'),
(108,'æ—¥å¿—ç®¡ç†',1,9,'#','','M','0','','#','admin','2018-03-16 11:33:00','ry','2018-03-16 11:33:00','æ—¥å¿—ç®¡ç†èœå•'),
(109,'åœ¨çº¿ç”¨æˆ·',2,1,'/monitor/online','','C','0','monitor:online:view','#','admin','2018-03-16 11:33:00','ry','2018-03-16 11:33:00','åœ¨çº¿ç”¨æˆ·èœå•'),
(110,'å®šæ—¶ä»»åŠ¡',2,2,'/monitor/job','','C','0','monitor:job:view','#','admin','2018-03-16 11:33:00','ry','2018-03-16 11:33:00','å®šæ—¶ä»»åŠ¡èœå•'),
(111,'æ•°æ®ç›‘æ§',2,3,'/monitor/data','','C','0','monitor:data:view','#','admin','2018-03-16 11:33:00','ry','2018-03-16 11:33:00','æ•°æ®ç›‘æ§èœå•'),
(112,'æœåŠ¡ç›‘æ§',2,3,'/monitor/server','','C','0','monitor:server:view','#','admin','2018-03-16 11:33:00','ry','2018-03-16 11:33:00','æœåŠ¡ç›‘æ§èœå•'),
(113,'è¡¨å•æ„å»º',3,1,'/tool/build','','C','0','tool:build:view','#','admin','2018-03-16 11:33:00','ry','2018-03-16 11:33:00','è¡¨å•æ„å»ºèœå•'),
(114,'ä»£ç ç”Ÿæˆ',3,2,'/tool/gen','','C','0','tool:gen:view','#','admin','2018-03-16 11:33:00','ry','2018-03-16 11:33:00','ä»£ç ç”Ÿæˆèœå•'),
(115,'ç³»ç»Ÿæ¥å£',3,3,'/tool/swagger','','C','0','tool:swagger:view','#','admin','2018-03-16 11:33:00','ry','2018-03-16 11:33:00','ç³»ç»Ÿæ¥å£èœå•'),
(500,'æ“ä½œæ—¥å¿—',108,1,'/monitor/operlog','','C','0','monitor:operlog:view','#','admin','2018-03-16 11:33:00','ry','2018-03-16 11:33:00','æ“ä½œæ—¥å¿—èœå•'),
(501,'ç™»å½•æ—¥å¿—',108,2,'/monitor/logininfor','','C','0','monitor:logininfor:view','#','admin','2018-03-16 11:33:00','ry','2018-03-16 11:33:00','ç™»å½•æ—¥å¿—èœå•'),
(1000,'ç”¨æˆ·æŸ¥è¯¢',100,1,'#','','F','0','system:user:list','#','admin','2018-03-16 11:33:00','ry','2018-03-16 11:33:00',''),
(1001,'ç”¨æˆ·æ–°å¢',100,2,'#','','F','0','system:user:add','#','admin','2018-03-16 11:33:00','ry','2018-03-16 11:33:00',''),
(1002,'ç”¨æˆ·ä¿®æ”¹',100,3,'#','','F','0','system:user:edit','#','admin','2018-03-16 11:33:00','ry','2018-03-16 11:33:00',''),
(1003,'ç”¨æˆ·åˆ é™¤',100,4,'#','','F','0','system:user:remove','#','admin','2018-03-16 11:33:00','ry','2018-03-16 11:33:00',''),
(1004,'ç”¨æˆ·å¯¼å‡º',100,5,'#','','F','0','system:user:export','#','admin','2018-03-16 11:33:00','ry','2018-03-16 11:33:00',''),
(1005,'ç”¨æˆ·å¯¼å…¥',100,6,'#','','F','0','system:user:import','#','admin','2018-03-16 11:33:00','ry','2018-03-16 11:33:00',''),
(1006,'é‡ç½®å¯†ç ',100,7,'#','','F','0','system:user:resetPwd','#','admin','2018-03-16 11:33:00','ry','2018-03-16 11:33:00',''),
(1007,'è§’è‰²æŸ¥è¯¢',101,1,'#','','F','0','system:role:list','#','admin','2018-03-16 11:33:00','ry','2018-03-16 11:33:00',''),
(1008,'è§’è‰²æ–°å¢',101,2,'#','','F','0','system:role:add','#','admin','2018-03-16 11:33:00','ry','2018-03-16 11:33:00',''),
(1009,'è§’è‰²ä¿®æ”¹',101,3,'#','','F','0','system:role:edit','#','admin','2018-03-16 11:33:00','ry','2018-03-16 11:33:00',''),
(1010,'è§’è‰²åˆ é™¤',101,4,'#','','F','0','system:role:remove','#','admin','2018-03-16 11:33:00','ry','2018-03-16 11:33:00',''),
(1011,'è§’è‰²å¯¼å‡º',101,5,'#','','F','0','system:role:export','#','admin','2018-03-16 11:33:00','ry','2018-03-16 11:33:00',''),
(1012,'èœå•æŸ¥è¯¢',102,1,'#','','F','0','system:menu:list','#','admin','2018-03-16 11:33:00','ry','2018-03-16 11:33:00',''),
(1013,'èœå•æ–°å¢',102,2,'#','','F','0','system:menu:add','#','admin','2018-03-16 11:33:00','ry','2018-03-16 11:33:00',''),
(1014,'èœå•ä¿®æ”¹',102,3,'#','','F','0','system:menu:edit','#','admin','2018-03-16 11:33:00','ry','2018-03-16 11:33:00',''),
(1015,'èœå•åˆ é™¤',102,4,'#','','F','0','system:menu:remove','#','admin','2018-03-16 11:33:00','ry','2018-03-16 11:33:00',''),
(1016,'éƒ¨é—¨æŸ¥è¯¢',103,1,'#','','F','0','system:dept:list','#','admin','2018-03-16 11:33:00','ry','2018-03-16 11:33:00',''),
(1017,'éƒ¨é—¨æ–°å¢',103,2,'#','','F','0','system:dept:add','#','admin','2018-03-16 11:33:00','ry','2018-03-16 11:33:00',''),
(1018,'éƒ¨é—¨ä¿®æ”¹',103,3,'#','','F','0','system:dept:edit','#','admin','2018-03-16 11:33:00','ry','2018-03-16 11:33:00',''),
(1019,'éƒ¨é—¨åˆ é™¤',103,4,'#','','F','0','system:dept:remove','#','admin','2018-03-16 11:33:00','ry','2018-03-16 11:33:00',''),
(1020,'å²—ä½æŸ¥è¯¢',104,1,'#','','F','0','system:post:list','#','admin','2018-03-16 11:33:00','ry','2018-03-16 11:33:00',''),
(1021,'å²—ä½æ–°å¢',104,2,'#','','F','0','system:post:add','#','admin','2018-03-16 11:33:00','ry','2018-03-16 11:33:00',''),
(1022,'å²—ä½ä¿®æ”¹',104,3,'#','','F','0','system:post:edit','#','admin','2018-03-16 11:33:00','ry','2018-03-16 11:33:00',''),
(1023,'å²—ä½åˆ é™¤',104,4,'#','','F','0','system:post:remove','#','admin','2018-03-16 11:33:00','ry','2018-03-16 11:33:00',''),
(1024,'å²—ä½å¯¼å‡º',104,5,'#','','F','0','system:post:export','#','admin','2018-03-16 11:33:00','ry','2018-03-16 11:33:00',''),
(1025,'å­—å…¸æŸ¥è¯¢',105,1,'#','','F','0','system:dict:list','#','admin','2018-03-16 11:33:00','ry','2018-03-16 11:33:00',''),
(1026,'å­—å…¸æ–°å¢',105,2,'#','','F','0','system:dict:add','#','admin','2018-03-16 11:33:00','ry','2018-03-16 11:33:00',''),
(1027,'å­—å…¸ä¿®æ”¹',105,3,'#','','F','0','system:dict:edit','#','admin','2018-03-16 11:33:00','ry','2018-03-16 11:33:00',''),
(1028,'å­—å…¸åˆ é™¤',105,4,'#','','F','0','system:dict:remove','#','admin','2018-03-16 11:33:00','ry','2018-03-16 11:33:00',''),
(1029,'å­—å…¸å¯¼å‡º',105,5,'#','','F','0','system:dict:export','#','admin','2018-03-16 11:33:00','ry','2018-03-16 11:33:00',''),
(1030,'å‚æ•°æŸ¥è¯¢',106,1,'#','','F','0','system:config:list','#','admin','2018-03-16 11:33:00','ry','2018-03-16 11:33:00',''),
(1031,'å‚æ•°æ–°å¢',106,2,'#','','F','0','system:config:add','#','admin','2018-03-16 11:33:00','ry','2018-03-16 11:33:00',''),
(1032,'å‚æ•°ä¿®æ”¹',106,3,'#','','F','0','system:config:edit','#','admin','2018-03-16 11:33:00','ry','2018-03-16 11:33:00',''),
(1033,'å‚æ•°åˆ é™¤',106,4,'#','','F','0','system:config:remove','#','admin','2018-03-16 11:33:00','ry','2018-03-16 11:33:00',''),
(1034,'å‚æ•°å¯¼å‡º',106,5,'#','','F','0','system:config:export','#','admin','2018-03-16 11:33:00','ry','2018-03-16 11:33:00',''),
(1035,'å…¬å‘ŠæŸ¥è¯¢',107,1,'#','','F','0','system:notice:list','#','admin','2018-03-16 11:33:00','ry','2018-03-16 11:33:00',''),
(1036,'å…¬å‘Šæ–°å¢',107,2,'#','','F','0','system:notice:add','#','admin','2018-03-16 11:33:00','ry','2018-03-16 11:33:00',''),
(1037,'å…¬å‘Šä¿®æ”¹',107,3,'#','','F','0','system:notice:edit','#','admin','2018-03-16 11:33:00','ry','2018-03-16 11:33:00',''),
(1038,'å…¬å‘Šåˆ é™¤',107,4,'#','','F','0','system:notice:remove','#','admin','2018-03-16 11:33:00','ry','2018-03-16 11:33:00',''),
(1039,'æ“ä½œæŸ¥è¯¢',500,1,'#','','F','0','monitor:operlog:list','#','admin','2018-03-16 11:33:00','ry','2018-03-16 11:33:00',''),
(1040,'æ“ä½œåˆ é™¤',500,2,'#','','F','0','monitor:operlog:remove','#','admin','2018-03-16 11:33:00','ry','2018-03-16 11:33:00',''),
(1041,'è¯¦ç»†ä¿¡æ¯',500,3,'#','','F','0','monitor:operlog:detail','#','admin','2018-03-16 11:33:00','ry','2018-03-16 11:33:00',''),
(1042,'æ—¥å¿—å¯¼å‡º',500,4,'#','','F','0','monitor:operlog:export','#','admin','2018-03-16 11:33:00','ry','2018-03-16 11:33:00',''),
(1043,'ç™»å½•æŸ¥è¯¢',501,1,'#','','F','0','monitor:logininfor:list','#','admin','2018-03-16 11:33:00','ry','2018-03-16 11:33:00',''),
(1044,'ç™»å½•åˆ é™¤',501,2,'#','','F','0','monitor:logininfor:remove','#','admin','2018-03-16 11:33:00','ry','2018-03-16 11:33:00',''),
(1045,'æ—¥å¿—å¯¼å‡º',501,3,'#','','F','0','monitor:logininfor:export','#','admin','2018-03-16 11:33:00','ry','2018-03-16 11:33:00',''),
(1046,'åœ¨çº¿æŸ¥è¯¢',109,1,'#','','F','0','monitor:online:list','#','admin','2018-03-16 11:33:00','ry','2018-03-16 11:33:00',''),
(1047,'æ‰¹é‡å¼ºé€€',109,2,'#','','F','0','monitor:online:batchForceLogout','#','admin','2018-03-16 11:33:00','ry','2018-03-16 11:33:00',''),
(1048,'å•æ¡å¼ºé€€',109,3,'#','','F','0','monitor:online:forceLogout','#','admin','2018-03-16 11:33:00','ry','2018-03-16 11:33:00',''),
(1049,'ä»»åŠ¡æŸ¥è¯¢',110,1,'#','','F','0','monitor:job:list','#','admin','2018-03-16 11:33:00','ry','2018-03-16 11:33:00',''),
(1050,'ä»»åŠ¡æ–°å¢',110,2,'#','','F','0','monitor:job:add','#','admin','2018-03-16 11:33:00','ry','2018-03-16 11:33:00',''),
(1051,'ä»»åŠ¡ä¿®æ”¹',110,3,'#','','F','0','monitor:job:edit','#','admin','2018-03-16 11:33:00','ry','2018-03-16 11:33:00',''),
(1052,'ä»»åŠ¡åˆ é™¤',110,4,'#','','F','0','monitor:job:remove','#','admin','2018-03-16 11:33:00','ry','2018-03-16 11:33:00',''),
(1053,'çŠ¶æ€ä¿®æ”¹',110,5,'#','','F','0','monitor:job:changeStatus','#','admin','2018-03-16 11:33:00','ry','2018-03-16 11:33:00',''),
(1054,'ä»»åŠ¡è¯¦ç»†',110,6,'#','','F','0','monitor:job:detail','#','admin','2018-03-16 11:33:00','ry','2018-03-16 11:33:00',''),
(1055,'ä»»åŠ¡å¯¼å‡º',110,7,'#','','F','0','monitor:job:export','#','admin','2018-03-16 11:33:00','ry','2018-03-16 11:33:00',''),
(1056,'ç”ŸæˆæŸ¥è¯¢',114,1,'#','','F','0','tool:gen:list','#','admin','2018-03-16 11:33:00','ry','2018-03-16 11:33:00',''),
(1057,'ç”Ÿæˆä¿®æ”¹',114,2,'#','','F','0','tool:gen:edit','#','admin','2018-03-16 11:33:00','ry','2018-03-16 11:33:00',''),
(1058,'ç”Ÿæˆåˆ é™¤',114,3,'#','','F','0','tool:gen:remove','#','admin','2018-03-16 11:33:00','ry','2018-03-16 11:33:00',''),
(1059,'é¢„è§ˆä»£ç ',114,4,'#','','F','0','tool:gen:preview','#','admin','2018-03-16 11:33:00','ry','2018-03-16 11:33:00',''),
(1060,'ç”Ÿæˆä»£ç ',114,5,'#','','F','0','tool:gen:code','#','admin','2018-03-16 11:33:00','ry','2018-03-16 11:33:00',''),
(2000,'åšå®¢æ–‡ç« ',2025,1,'/blog/article','menuItem','C','0','blog:article:view','#','admin','2018-03-01 00:00:00','admin','2019-09-14 00:37:22','åšå®¢æ–‡ç« èœå•'),
(2001,'åšå®¢æ–‡ç« æŸ¥è¯¢',2000,1,'#','','F','0','blog:article:list','#','admin','2018-03-01 00:00:00','ry','2018-03-01 00:00:00',''),
(2002,'åšå®¢æ–‡ç« æ–°å¢',2000,2,'#','','F','0','blog:article:add','#','admin','2018-03-01 00:00:00','ry','2018-03-01 00:00:00',''),
(2003,'åšå®¢æ–‡ç« ä¿®æ”¹',2000,3,'#','','F','0','blog:article:edit','#','admin','2018-03-01 00:00:00','ry','2018-03-01 00:00:00',''),
(2004,'åšå®¢æ–‡ç« åˆ é™¤',2000,4,'#','','F','0','blog:article:remove','#','admin','2018-03-01 00:00:00','ry','2018-03-01 00:00:00',''),
(2005,'æ–‡ç« åˆ†ç±»',2025,1,'/blog/classify','menuItem','C','0','blog:classify:view','#','admin','2018-03-01 00:00:00','admin','2019-09-14 00:37:42','æ–‡ç« åˆ†ç±»èœå•'),
(2006,'æ–‡ç« åˆ†ç±»æŸ¥è¯¢',2005,1,'#','','F','0','blog:classify:list','#','admin','2018-03-01 00:00:00','ry','2018-03-01 00:00:00',''),
(2007,'æ–‡ç« åˆ†ç±»æ–°å¢',2005,2,'#','','F','0','blog:classify:add','#','admin','2018-03-01 00:00:00','ry','2018-03-01 00:00:00',''),
(2008,'æ–‡ç« åˆ†ç±»ä¿®æ”¹',2005,3,'#','','F','0','blog:classify:edit','#','admin','2018-03-01 00:00:00','ry','2018-03-01 00:00:00',''),
(2009,'æ–‡ç« åˆ†ç±»åˆ é™¤',2005,4,'#','','F','0','blog:classify:remove','#','admin','2018-03-01 00:00:00','ry','2018-03-01 00:00:00',''),
(2010,'æ–‡ç« è¯„è®º',2025,1,'/blog/comment','menuItem','C','0','blog:comment:view','#','admin','2018-03-01 00:00:00','admin','2019-09-14 00:37:55','æ–‡ç« è¯„è®ºèœå•'),
(2011,'æ–‡ç« è¯„è®ºæŸ¥è¯¢',2010,1,'#','','F','0','blog:comment:list','#','admin','2018-03-01 00:00:00','ry','2018-03-01 00:00:00',''),
(2012,'æ–‡ç« è¯„è®ºæ–°å¢',2010,2,'#','','F','0','blog:comment:add','#','admin','2018-03-01 00:00:00','ry','2018-03-01 00:00:00',''),
(2013,'æ–‡ç« è¯„è®ºä¿®æ”¹',2010,3,'#','','F','0','blog:comment:edit','#','admin','2018-03-01 00:00:00','ry','2018-03-01 00:00:00',''),
(2014,'æ–‡ç« è¯„è®ºåˆ é™¤',2010,4,'#','','F','0','blog:comment:remove','#','admin','2018-03-01 00:00:00','ry','2018-03-01 00:00:00',''),
(2015,'ç•™è¨€',2025,1,'/blog/message','menuItem','C','0','blog:message:view','#','admin','2018-03-01 00:00:00','admin','2019-09-14 00:38:27','ç•™è¨€èœå•'),
(2016,'ç•™è¨€æŸ¥è¯¢',2015,1,'#','','F','0','blog:message:list','#','admin','2018-03-01 00:00:00','ry','2018-03-01 00:00:00',''),
(2017,'ç•™è¨€æ–°å¢',2015,2,'#','','F','0','blog:message:add','#','admin','2018-03-01 00:00:00','ry','2018-03-01 00:00:00',''),
(2018,'ç•™è¨€ä¿®æ”¹',2015,3,'#','','F','0','blog:message:edit','#','admin','2018-03-01 00:00:00','ry','2018-03-01 00:00:00',''),
(2019,'ç•™è¨€åˆ é™¤',2015,4,'#','','F','0','blog:message:remove','#','admin','2018-03-01 00:00:00','ry','2018-03-01 00:00:00',''),
(2020,'æ ‡ç­¾',2025,1,'/blog/tags','menuItem','C','0','blog:tags:view','#','admin','2018-03-01 00:00:00','admin','2019-09-14 00:38:37','æ ‡ç­¾èœå•'),
(2021,'æ ‡ç­¾æŸ¥è¯¢',2020,1,'#','','F','0','blog:tags:list','#','admin','2018-03-01 00:00:00','ry','2018-03-01 00:00:00',''),
(2022,'æ ‡ç­¾æ–°å¢',2020,2,'#','','F','0','blog:tags:add','#','admin','2018-03-01 00:00:00','ry','2018-03-01 00:00:00',''),
(2023,'æ ‡ç­¾ä¿®æ”¹',2020,3,'#','','F','0','blog:tags:edit','#','admin','2018-03-01 00:00:00','ry','2018-03-01 00:00:00',''),
(2024,'æ ‡ç­¾åˆ é™¤',2020,4,'#','','F','0','blog:tags:remove','#','admin','2018-03-01 00:00:00','ry','2018-03-01 00:00:00',''),
(2025,'åšå®¢ç®¡ç†',0,1,'#','menuItem','M','0',NULL,'fa fa-newspaper-o','admin','2019-09-14 00:36:54','',NULL,''),
(2026,'æ–‡ä»¶',3,1,'/system/info','','C','0','system:info:view','#','admin','2018-03-01 00:00:00','ry','2018-03-01 00:00:00','æ–‡ä»¶èœå•'),
(2027,'æ–‡ä»¶æŸ¥è¯¢',2026,1,'#','','F','0','system:info:list','#','admin','2018-03-01 00:00:00','ry','2018-03-01 00:00:00',''),
(2028,'æ–‡ä»¶æ–°å¢',2026,2,'#','','F','0','system:info:add','#','admin','2018-03-01 00:00:00','ry','2018-03-01 00:00:00',''),
(2029,'æ–‡ä»¶ä¿®æ”¹',2026,3,'#','','F','0','system:info:edit','#','admin','2018-03-01 00:00:00','ry','2018-03-01 00:00:00',''),
(2030,'æ–‡ä»¶åˆ é™¤',2026,4,'#','','F','0','system:info:remove','#','admin','2018-03-01 00:00:00','ry','2018-03-01 00:00:00',''),
(2041,'bannerå›¾',2025,1,'/blog/banner','menuItem','C','0','blog:banner:view','#','admin','2018-03-01 00:00:00','admin','2019-09-26 00:32:25','bannerå›¾èœå•'),
(2042,'bannerå›¾æŸ¥è¯¢',2041,1,'#','','F','0','blog:banner:list','#','admin','2018-03-01 00:00:00','ry','2018-03-01 00:00:00',''),
(2043,'bannerå›¾æ–°å¢',2041,2,'#','','F','0','blog:banner:add','#','admin','2018-03-01 00:00:00','ry','2018-03-01 00:00:00',''),
(2044,'bannerå›¾ä¿®æ”¹',2041,3,'#','','F','0','blog:banner:edit','#','admin','2018-03-01 00:00:00','ry','2018-03-01 00:00:00',''),
(2045,'bannerå›¾åˆ é™¤',2041,4,'#','','F','0','blog:banner:remove','#','admin','2018-03-01 00:00:00','ry','2018-03-01 00:00:00',''),
(2046,'å‹é“¾',2025,1,'/blog/link','menuItem','C','0','system:link:view','#','admin','2018-03-01 00:00:00','admin','2019-09-26 00:32:48','å‹é“¾èœå•'),
(2047,'å‹é“¾æŸ¥è¯¢',2046,1,'#','','F','0','system:link:list','#','admin','2018-03-01 00:00:00','ry','2018-03-01 00:00:00',''),
(2048,'å‹é“¾æ–°å¢',2046,2,'#','','F','0','system:link:add','#','admin','2018-03-01 00:00:00','ry','2018-03-01 00:00:00',''),
(2049,'å‹é“¾ä¿®æ”¹',2046,3,'#','','F','0','system:link:edit','#','admin','2018-03-01 00:00:00','ry','2018-03-01 00:00:00',''),
(2050,'å‹é“¾åˆ é™¤',2046,4,'#','','F','0','system:link:remove','#','admin','2018-03-01 00:00:00','ry','2018-03-01 00:00:00','');

UNLOCK TABLES;

/*Table structure for table `sys_notice` */

DROP TABLE IF EXISTS `sys_notice`;

CREATE TABLE `sys_notice` (
  `notice_id` int(4) NOT NULL AUTO_INCREMENT COMMENT 'å…¬å‘ŠID',
  `notice_title` varchar(50) NOT NULL COMMENT 'å…¬å‘Šæ ‡é¢˜',
  `notice_type` char(1) NOT NULL COMMENT 'å…¬å‘Šç±»å‹ï¼ˆ1é€šçŸ¥ 2å…¬å‘Šï¼‰',
  `notice_content` varchar(2000) DEFAULT NULL COMMENT 'å…¬å‘Šå†…å®¹',
  `status` char(1) DEFAULT '0' COMMENT 'å…¬å‘ŠçŠ¶æ€ï¼ˆ0æ­£å¸¸ 1å…³é—­ï¼‰',
  `create_by` varchar(64) DEFAULT '' COMMENT 'åˆ›å»ºè€…',
  `create_time` datetime DEFAULT NULL COMMENT 'åˆ›å»ºæ—¶é—´',
  `update_by` varchar(64) DEFAULT '' COMMENT 'æ›´æ–°è€…',
  `update_time` datetime DEFAULT NULL COMMENT 'æ›´æ–°æ—¶é—´',
  `remark` varchar(255) DEFAULT NULL COMMENT 'å¤‡æ³¨',
  PRIMARY KEY (`notice_id`)
) ENGINE=InnoDB AUTO_INCREMENT=3 DEFAULT CHARSET=utf8mb4 COMMENT='é€šçŸ¥å…¬å‘Šè¡¨';

/*Data for the table `sys_notice` */

LOCK TABLES `sys_notice` WRITE;

insert  into `sys_notice`(`notice_id`,`notice_title`,`notice_type`,`notice_content`,`status`,`create_by`,`create_time`,`update_by`,`update_time`,`remark`) values 
(1,'æ¸©é¦¨æé†’ï¼š2018-07-01 è‹¥ä¾æ–°ç‰ˆæœ¬å‘å¸ƒå•¦','2','æ–°ç‰ˆæœ¬å†…å®¹','0','admin','2018-03-16 11:33:00','ry','2018-03-16 11:33:00','ç®¡ç†å‘˜'),
(2,'ç»´æŠ¤é€šçŸ¥ï¼š2018-07-01 è‹¥ä¾ç³»ç»Ÿå‡Œæ™¨ç»´æŠ¤','1','ç»´æŠ¤å†…å®¹','0','admin','2018-03-16 11:33:00','ry','2018-03-16 11:33:00','ç®¡ç†å‘˜');

UNLOCK TABLES;

/*Table structure for table `sys_oper_log` */

DROP TABLE IF EXISTS `sys_oper_log`;

CREATE TABLE `sys_oper_log` (
  `oper_id` bigint(20) NOT NULL AUTO_INCREMENT COMMENT 'æ—¥å¿—ä¸»é”®',
  `title` varchar(50) DEFAULT '' COMMENT 'æ¨¡å—æ ‡é¢˜',
  `business_type` int(2) DEFAULT '0' COMMENT 'ä¸šåŠ¡ç±»å‹ï¼ˆ0å…¶å®ƒ 1æ–°å¢ 2ä¿®æ”¹ 3åˆ é™¤ï¼‰',
  `method` varchar(100) DEFAULT '' COMMENT 'æ–¹æ³•åç§°',
  `request_method` varchar(10) DEFAULT '' COMMENT 'è¯·æ±‚æ–¹å¼',
  `operator_type` int(1) DEFAULT '0' COMMENT 'æ“ä½œç±»åˆ«ï¼ˆ0å…¶å®ƒ 1åå°ç”¨æˆ· 2æ‰‹æœºç«¯ç”¨æˆ·ï¼‰',
  `oper_name` varchar(50) DEFAULT '' COMMENT 'æ“ä½œäººå‘˜',
  `dept_name` varchar(50) DEFAULT '' COMMENT 'éƒ¨é—¨åç§°',
  `oper_url` varchar(255) DEFAULT '' COMMENT 'è¯·æ±‚URL',
  `oper_ip` varchar(50) DEFAULT '' COMMENT 'ä¸»æœºåœ°å€',
  `oper_location` varchar(255) DEFAULT '' COMMENT 'æ“ä½œåœ°ç‚¹',
  `oper_param` varchar(2000) DEFAULT '' COMMENT 'è¯·æ±‚å‚æ•°',
  `status` int(1) DEFAULT '0' COMMENT 'æ“ä½œçŠ¶æ€ï¼ˆ0æ­£å¸¸ 1å¼‚å¸¸ï¼‰',
  `error_msg` varchar(2000) DEFAULT '' COMMENT 'é”™è¯¯æ¶ˆæ¯',
  `oper_time` datetime DEFAULT NULL COMMENT 'æ“ä½œæ—¶é—´',
  PRIMARY KEY (`oper_id`)
) ENGINE=InnoDB AUTO_INCREMENT=202 DEFAULT CHARSET=utf8mb4 COMMENT='æ“ä½œæ—¥å¿—è®°å½•';

/*Data for the table `sys_oper_log` */

LOCK TABLES `sys_oper_log` WRITE;

insert  into `sys_oper_log`(`oper_id`,`title`,`business_type`,`method`,`request_method`,`operator_type`,`oper_name`,`dept_name`,`oper_url`,`oper_ip`,`oper_location`,`oper_param`,`status`,`error_msg`,`oper_time`) values 
(100,'ä»£ç ç”Ÿæˆ',6,'com.ruoyi.project.tool.gen.controller.GenController.importTableSave()','POST',1,'admin','ç ”å‘éƒ¨é—¨','/tool/gen/importTable','127.0.0.1','å†…ç½‘IP','{\"tables\":[\"blog_tags,blog_message,blog_classify,blog_article_comment,blog_article\"]}',0,NULL,'2019-09-13 19:07:09'),
(101,'ä»£ç ç”Ÿæˆ',8,'com.ruoyi.project.tool.gen.controller.GenController.genCode()','GET',1,'admin','ç ”å‘éƒ¨é—¨','/tool/gen/genCode/blog_article','127.0.0.1','å†…ç½‘IP','{}',0,NULL,'2019-09-13 20:39:15'),
(102,'ä»£ç ç”Ÿæˆ',8,'com.ruoyi.project.tool.gen.controller.GenController.batchGenCode()','GET',1,'admin','ç ”å‘éƒ¨é—¨','/tool/gen/batchGenCode','127.0.0.1','å†…ç½‘IP','{\"tables\":[\"blog_article,blog_article_comment,blog_classify,blog_message,blog_tags\"]}',0,NULL,'2019-09-13 20:43:57'),
(103,'ä»£ç ç”Ÿæˆ',8,'com.ruoyi.project.tool.gen.controller.GenController.batchGenCode()','GET',1,'admin','ç ”å‘éƒ¨é—¨','/tool/gen/batchGenCode','127.0.0.1','å†…ç½‘IP','{\"tables\":[\"blog_article,blog_article_comment,blog_classify,blog_message,blog_tags\"]}',0,NULL,'2019-09-13 20:44:45'),
(104,'ä»£ç ç”Ÿæˆ',2,'com.ruoyi.project.tool.gen.controller.GenController.editSave()','POST',1,'admin','ç ”å‘éƒ¨é—¨','/tool/gen/edit','127.0.0.1','å†…ç½‘IP','{\"tableId\":[\"1\"],\"tableName\":[\"blog_article\"],\"tableComment\":[\"åšå®¢æ–‡ç« è¡¨\"],\"className\":[\"Article\"],\"functionAuthor\":[\"ruoyi\"],\"remark\":[\"\"],\"columns[0].columnId\":[\"1\"],\"columns[0].sort\":[\"1\"],\"columns[0].columnComment\":[\"ä¸»é”®\"],\"columns[0].javaType\":[\"Long\"],\"columns[0].javaField\":[\"id\"],\"columns[0].isInsert\":[\"1\"],\"columns[0].queryType\":[\"EQ\"],\"columns[0].htmlType\":[\"input\"],\"columns[0].dictType\":[\"\"],\"columns[1].columnId\":[\"2\"],\"columns[1].sort\":[\"2\"],\"columns[1].columnComment\":[\"åˆ›å»ºæ—¶é—´\"],\"columns[1].javaType\":[\"Date\"],\"columns[1].javaField\":[\"createtime\"],\"columns[1].isInsert\":[\"1\"],\"columns[1].isEdit\":[\"1\"],\"columns[1].isList\":[\"1\"],\"columns[1].isQuery\":[\"1\"],\"columns[1].queryType\":[\"EQ\"],\"columns[1].htmlType\":[\"datetime\"],\"columns[1].dictType\":[\"\"],\"columns[2].columnId\":[\"3\"],\"columns[2].sort\":[\"3\"],\"columns[2].columnComment\":[\"åˆ é™¤æ—¶é—´\"],\"columns[2].javaType\":[\"Date\"],\"columns[2].javaField\":[\"deletetime\"],\"columns[2].isInsert\":[\"1\"],\"columns[2].isEdit\":[\"1\"],\"columns[2].isList\":[\"1\"],\"columns[2].isQuery\":[\"1\"],\"columns[2].queryType\":[\"EQ\"],\"columns[2].htmlType\":[\"datetime\"],\"columns[2].dictType\":[\"\"],\"columns[3].columnId\":[\"4\"],\"columns[3].sort\":[\"4\"],\"columns[3].columnComment\":[\"0ï¼šåˆ é™¤ 1ï¼šå­˜åœ¨\"],\"columns[3].javaType\":[\"Integer\"],\"columns[3].javaField\":[\"status\"],\"columns[3].isInsert\":[\"1\"],\"columns[3].isEdit\":[\"1\"],\"columns[3].isList\":[\"1\"],\"columns[3].isQuery\":[\"1\"],\"columns[3].queryType\":[\"EQ\"],\"columns[3].isRequired\":[\"1\"],\"columns[3].htmlType\":[\"radio\"],\"columns[3].dictType\":[\"\"],\"columns[4].columnId\":[\"5\"],\"columns[4].sort\":[\"5\"],\"columns[4].columnComment\":[\"ä½œè€…\"],\"columns[4].javaType\":[\"Long\"],\"columns[4].javaField\":[\"userid\"],\"columns[4].isInsert\":[\"1\"],\"columns[4].isEdit\":[\"1\"],\"columns[4].isList\":[\"1\"],\"columns[4].isQuery\":[\"1\"],\"columns[4].queryType\":[\"EQ\"],\"columns[4].isRequired\":[\"1\"],\"columns[4].htmlType\":[\"input\"],\"columns[4].dictType\":[\"\"],\"columns[5].columnId\":[\"6\"],\"columns[5].sort\":[\"6\"],\"columns[5].columnComment\":[\"æ ‡é¢˜\"],\"columns[5].javaType\":[\"String\"],\"colu',0,NULL,'2019-09-13 22:40:37'),
(105,'ä»£ç ç”Ÿæˆ',2,'com.ruoyi.project.tool.gen.controller.GenController.editSave()','POST',1,'admin','ç ”å‘éƒ¨é—¨','/tool/gen/edit','127.0.0.1','å†…ç½‘IP','{\"tableId\":[\"1\"],\"tableName\":[\"blog_article\"],\"tableComment\":[\"åšå®¢æ–‡ç« è¡¨\"],\"className\":[\"Article\"],\"functionAuthor\":[\"ruoyi\"],\"remark\":[\"\"],\"columns[0].columnId\":[\"1\"],\"columns[0].sort\":[\"1\"],\"columns[0].columnComment\":[\"ä¸»é”®\"],\"columns[0].javaType\":[\"Long\"],\"columns[0].javaField\":[\"id\"],\"columns[0].isInsert\":[\"1\"],\"columns[0].queryType\":[\"EQ\"],\"columns[0].htmlType\":[\"input\"],\"columns[0].dictType\":[\"\"],\"columns[1].columnId\":[\"2\"],\"columns[1].sort\":[\"2\"],\"columns[1].columnComment\":[\"åˆ›å»ºæ—¶é—´\"],\"columns[1].javaType\":[\"Date\"],\"columns[1].javaField\":[\"createtime\"],\"columns[1].isInsert\":[\"1\"],\"columns[1].isEdit\":[\"1\"],\"columns[1].isList\":[\"1\"],\"columns[1].isQuery\":[\"1\"],\"columns[1].queryType\":[\"EQ\"],\"columns[1].htmlType\":[\"datetime\"],\"columns[1].dictType\":[\"\"],\"columns[2].columnId\":[\"3\"],\"columns[2].sort\":[\"3\"],\"columns[2].columnComment\":[\"åˆ é™¤æ—¶é—´\"],\"columns[2].javaType\":[\"Date\"],\"columns[2].javaField\":[\"deletetime\"],\"columns[2].isInsert\":[\"1\"],\"columns[2].isEdit\":[\"1\"],\"columns[2].isList\":[\"1\"],\"columns[2].isQuery\":[\"1\"],\"columns[2].queryType\":[\"EQ\"],\"columns[2].htmlType\":[\"datetime\"],\"columns[2].dictType\":[\"\"],\"columns[3].columnId\":[\"4\"],\"columns[3].sort\":[\"4\"],\"columns[3].columnComment\":[\"0ï¼šåˆ é™¤ 1ï¼šå­˜åœ¨\"],\"columns[3].javaType\":[\"Integer\"],\"columns[3].javaField\":[\"status\"],\"columns[3].isInsert\":[\"1\"],\"columns[3].isEdit\":[\"1\"],\"columns[3].isList\":[\"1\"],\"columns[3].isQuery\":[\"1\"],\"columns[3].queryType\":[\"EQ\"],\"columns[3].isRequired\":[\"1\"],\"columns[3].htmlType\":[\"radio\"],\"columns[3].dictType\":[\"\"],\"columns[4].columnId\":[\"5\"],\"columns[4].sort\":[\"5\"],\"columns[4].columnComment\":[\"ä½œè€…\"],\"columns[4].javaType\":[\"Long\"],\"columns[4].javaField\":[\"userid\"],\"columns[4].isInsert\":[\"1\"],\"columns[4].isEdit\":[\"1\"],\"columns[4].isList\":[\"1\"],\"columns[4].isQuery\":[\"1\"],\"columns[4].queryType\":[\"EQ\"],\"columns[4].isRequired\":[\"1\"],\"columns[4].htmlType\":[\"input\"],\"columns[4].dictType\":[\"\"],\"columns[5].columnId\":[\"6\"],\"columns[5].sort\":[\"6\"],\"columns[5].columnComment\":[\"æ ‡é¢˜\"],\"columns[5].javaType\":[\"String\"],\"colu',0,NULL,'2019-09-13 22:41:05'),
(106,'ä»£ç ç”Ÿæˆ',2,'com.ruoyi.project.tool.gen.controller.GenController.editSave()','POST',1,'admin','ç ”å‘éƒ¨é—¨','/tool/gen/edit','127.0.0.1','å†…ç½‘IP','{\"tableId\":[\"2\"],\"tableName\":[\"blog_article_comment\"],\"tableComment\":[\"æ–‡ç« è¯„è®ºè¡¨\"],\"className\":[\"ArticleComment\"],\"functionAuthor\":[\"ruoyi\"],\"remark\":[\"\"],\"columns[0].columnId\":[\"16\"],\"columns[0].sort\":[\"1\"],\"columns[0].columnComment\":[\"ä¸»é”®\"],\"columns[0].javaType\":[\"Long\"],\"columns[0].javaField\":[\"id\"],\"columns[0].isInsert\":[\"1\"],\"columns[0].queryType\":[\"EQ\"],\"columns[0].htmlType\":[\"input\"],\"columns[0].dictType\":[\"\"],\"columns[1].columnId\":[\"17\"],\"columns[1].sort\":[\"2\"],\"columns[1].columnComment\":[\"åˆ›å»ºæ—¶é—´\"],\"columns[1].javaType\":[\"Date\"],\"columns[1].javaField\":[\"createtime\"],\"columns[1].isInsert\":[\"1\"],\"columns[1].isEdit\":[\"1\"],\"columns[1].isList\":[\"1\"],\"columns[1].isQuery\":[\"1\"],\"columns[1].queryType\":[\"EQ\"],\"columns[1].htmlType\":[\"datetime\"],\"columns[1].dictType\":[\"\"],\"columns[2].columnId\":[\"18\"],\"columns[2].sort\":[\"3\"],\"columns[2].columnComment\":[\"åˆ é™¤æ—¶é—´\"],\"columns[2].javaType\":[\"Date\"],\"columns[2].javaField\":[\"deletetime\"],\"columns[2].isInsert\":[\"1\"],\"columns[2].isEdit\":[\"1\"],\"columns[2].isList\":[\"1\"],\"columns[2].isQuery\":[\"1\"],\"columns[2].queryType\":[\"EQ\"],\"columns[2].htmlType\":[\"datetime\"],\"columns[2].dictType\":[\"\"],\"columns[3].columnId\":[\"19\"],\"columns[3].sort\":[\"4\"],\"columns[3].columnComment\":[\"0åˆ é™¤  1 å­˜åœ¨\"],\"columns[3].javaType\":[\"Integer\"],\"columns[3].javaField\":[\"status\"],\"columns[3].isInsert\":[\"1\"],\"columns[3].isEdit\":[\"1\"],\"columns[3].isList\":[\"1\"],\"columns[3].isQuery\":[\"1\"],\"columns[3].queryType\":[\"EQ\"],\"columns[3].htmlType\":[\"radio\"],\"columns[3].dictType\":[\"\"],\"columns[4].columnId\":[\"20\"],\"columns[4].sort\":[\"5\"],\"columns[4].columnComment\":[\"ç”¨æˆ·id\"],\"columns[4].javaType\":[\"Long\"],\"columns[4].javaField\":[\"userid\"],\"columns[4].isInsert\":[\"1\"],\"columns[4].isEdit\":[\"1\"],\"columns[4].isList\":[\"1\"],\"columns[4].isQuery\":[\"1\"],\"columns[4].queryType\":[\"EQ\"],\"columns[4].htmlType\":[\"input\"],\"columns[4].dictType\":[\"\"],\"columns[5].columnId\":[\"21\"],\"columns[5].sort\":[\"6\"],\"columns[5].columnComment\":[\"å†…å®¹\"],\"columns[5].javaType\":[\"String\"],\"columns[5].javaField\":[\"content\"],\"column',0,NULL,'2019-09-13 22:41:26'),
(107,'ä»£ç ç”Ÿæˆ',2,'com.ruoyi.project.tool.gen.controller.GenController.editSave()','POST',1,'admin','ç ”å‘éƒ¨é—¨','/tool/gen/edit','127.0.0.1','å†…ç½‘IP','{\"tableId\":[\"3\"],\"tableName\":[\"blog_classify\"],\"tableComment\":[\"æ–‡ç« åˆ†ç±»\"],\"className\":[\"Classify\"],\"functionAuthor\":[\"ruoyi\"],\"remark\":[\"\"],\"columns[0].columnId\":[\"24\"],\"columns[0].sort\":[\"1\"],\"columns[0].columnComment\":[\"ä¸»é”®\"],\"columns[0].javaType\":[\"Long\"],\"columns[0].javaField\":[\"id\"],\"columns[0].isInsert\":[\"1\"],\"columns[0].queryType\":[\"EQ\"],\"columns[0].htmlType\":[\"input\"],\"columns[0].dictType\":[\"\"],\"columns[1].columnId\":[\"25\"],\"columns[1].sort\":[\"2\"],\"columns[1].columnComment\":[\"åˆ›å»ºæ—¶é—´\"],\"columns[1].javaType\":[\"Date\"],\"columns[1].javaField\":[\"createtime\"],\"columns[1].isInsert\":[\"1\"],\"columns[1].isEdit\":[\"1\"],\"columns[1].isList\":[\"1\"],\"columns[1].isQuery\":[\"1\"],\"columns[1].queryType\":[\"EQ\"],\"columns[1].isRequired\":[\"1\"],\"columns[1].htmlType\":[\"datetime\"],\"columns[1].dictType\":[\"\"],\"columns[2].columnId\":[\"26\"],\"columns[2].sort\":[\"3\"],\"columns[2].columnComment\":[\"åˆ é™¤æ—¶é—´\"],\"columns[2].javaType\":[\"Date\"],\"columns[2].javaField\":[\"deletedtime\"],\"columns[2].isInsert\":[\"1\"],\"columns[2].isEdit\":[\"1\"],\"columns[2].isList\":[\"1\"],\"columns[2].isQuery\":[\"1\"],\"columns[2].queryType\":[\"EQ\"],\"columns[2].htmlType\":[\"datetime\"],\"columns[2].dictType\":[\"\"],\"columns[3].columnId\":[\"27\"],\"columns[3].sort\":[\"4\"],\"columns[3].columnComment\":[\"0:åˆ é™¤ 1ï¼šå­˜åœ¨\"],\"columns[3].javaType\":[\"Integer\"],\"columns[3].javaField\":[\"status\"],\"columns[3].isInsert\":[\"1\"],\"columns[3].isEdit\":[\"1\"],\"columns[3].isList\":[\"1\"],\"columns[3].isQuery\":[\"1\"],\"columns[3].queryType\":[\"EQ\"],\"columns[3].htmlType\":[\"radio\"],\"columns[3].dictType\":[\"\"],\"columns[4].columnId\":[\"28\"],\"columns[4].sort\":[\"5\"],\"columns[4].columnComment\":[\"åˆ†ç±»åç§°\"],\"columns[4].javaType\":[\"String\"],\"columns[4].javaField\":[\"name\"],\"columns[4].isInsert\":[\"1\"],\"columns[4].isEdit\":[\"1\"],\"columns[4].isList\":[\"1\"],\"columns[4].isQuery\":[\"1\"],\"columns[4].queryType\":[\"LIKE\"],\"columns[4].isRequired\":[\"1\"],\"columns[4].htmlType\":[\"input\"],\"columns[4].dictType\":[\"\"],\"tplCategory\":[\"crud\"],\"packageName\":[\"com.ruoyi.project.blog\"],\"moduleName\":[\"blog\"],\"businessName\":[\"classify\"]',0,NULL,'2019-09-13 22:41:36'),
(108,'ä»£ç ç”Ÿæˆ',2,'com.ruoyi.project.tool.gen.controller.GenController.editSave()','POST',1,'admin','ç ”å‘éƒ¨é—¨','/tool/gen/edit','127.0.0.1','å†…ç½‘IP','{\"tableId\":[\"4\"],\"tableName\":[\"blog_message\"],\"tableComment\":[\"ç•™è¨€è¡¨\"],\"className\":[\"Message\"],\"functionAuthor\":[\"ruoyi\"],\"remark\":[\"\"],\"columns[0].columnId\":[\"29\"],\"columns[0].sort\":[\"1\"],\"columns[0].columnComment\":[\"ä¸»é”®\"],\"columns[0].javaType\":[\"Long\"],\"columns[0].javaField\":[\"id\"],\"columns[0].isInsert\":[\"1\"],\"columns[0].queryType\":[\"EQ\"],\"columns[0].htmlType\":[\"input\"],\"columns[0].dictType\":[\"\"],\"columns[1].columnId\":[\"30\"],\"columns[1].sort\":[\"2\"],\"columns[1].columnComment\":[\"åˆ›å»ºæ—¶é—´\"],\"columns[1].javaType\":[\"Date\"],\"columns[1].javaField\":[\"createtime\"],\"columns[1].isInsert\":[\"1\"],\"columns[1].isEdit\":[\"1\"],\"columns[1].isList\":[\"1\"],\"columns[1].isQuery\":[\"1\"],\"columns[1].queryType\":[\"EQ\"],\"columns[1].htmlType\":[\"datetime\"],\"columns[1].dictType\":[\"\"],\"columns[2].columnId\":[\"31\"],\"columns[2].sort\":[\"3\"],\"columns[2].columnComment\":[\"åˆ é™¤æ—¶é—´\"],\"columns[2].javaType\":[\"Date\"],\"columns[2].javaField\":[\"deletetime\"],\"columns[2].isInsert\":[\"1\"],\"columns[2].isEdit\":[\"1\"],\"columns[2].isList\":[\"1\"],\"columns[2].isQuery\":[\"1\"],\"columns[2].queryType\":[\"EQ\"],\"columns[2].htmlType\":[\"datetime\"],\"columns[2].dictType\":[\"\"],\"columns[3].columnId\":[\"32\"],\"columns[3].sort\":[\"4\"],\"columns[3].columnComment\":[\"0ï¼šåˆ é™¤ 1ï¼šå­˜åœ¨\"],\"columns[3].javaType\":[\"Integer\"],\"columns[3].javaField\":[\"status\"],\"columns[3].isInsert\":[\"1\"],\"columns[3].isEdit\":[\"1\"],\"columns[3].isList\":[\"1\"],\"columns[3].isQuery\":[\"1\"],\"columns[3].queryType\":[\"EQ\"],\"columns[3].htmlType\":[\"radio\"],\"columns[3].dictType\":[\"\"],\"columns[4].columnId\":[\"33\"],\"columns[4].sort\":[\"5\"],\"columns[4].columnComment\":[\"å†…å®¹\"],\"columns[4].javaType\":[\"String\"],\"columns[4].javaField\":[\"content\"],\"columns[4].isInsert\":[\"1\"],\"columns[4].isEdit\":[\"1\"],\"columns[4].isList\":[\"1\"],\"columns[4].isQuery\":[\"1\"],\"columns[4].queryType\":[\"EQ\"],\"columns[4].htmlType\":[\"input\"],\"columns[4].dictType\":[\"\"],\"columns[5].columnId\":[\"34\"],\"columns[5].sort\":[\"6\"],\"columns[5].columnComment\":[\"å›å¤çˆ¶id\"],\"columns[5].javaType\":[\"Long\"],\"columns[5].javaField\":[\"replyid\"],\"columns[5].isInsert\":',0,NULL,'2019-09-13 22:41:44'),
(109,'ä»£ç ç”Ÿæˆ',2,'com.ruoyi.project.tool.gen.controller.GenController.editSave()','POST',1,'admin','ç ”å‘éƒ¨é—¨','/tool/gen/edit','127.0.0.1','å†…ç½‘IP','{\"tableId\":[\"5\"],\"tableName\":[\"blog_tags\"],\"tableComment\":[\"æ ‡ç­¾è¡¨\"],\"className\":[\"Tags\"],\"functionAuthor\":[\"ruoyi\"],\"remark\":[\"\"],\"columns[0].columnId\":[\"36\"],\"columns[0].sort\":[\"1\"],\"columns[0].columnComment\":[\"ä¸»é”®\"],\"columns[0].javaType\":[\"Long\"],\"columns[0].javaField\":[\"id\"],\"columns[0].isInsert\":[\"1\"],\"columns[0].queryType\":[\"EQ\"],\"columns[0].htmlType\":[\"input\"],\"columns[0].dictType\":[\"\"],\"columns[1].columnId\":[\"37\"],\"columns[1].sort\":[\"2\"],\"columns[1].columnComment\":[\"åç§°\"],\"columns[1].javaType\":[\"String\"],\"columns[1].javaField\":[\"name\"],\"columns[1].isInsert\":[\"1\"],\"columns[1].isEdit\":[\"1\"],\"columns[1].isList\":[\"1\"],\"columns[1].isQuery\":[\"1\"],\"columns[1].queryType\":[\"LIKE\"],\"columns[1].htmlType\":[\"input\"],\"columns[1].dictType\":[\"\"],\"columns[2].columnId\":[\"38\"],\"columns[2].sort\":[\"3\"],\"columns[2].columnComment\":[\"0:åˆ é™¤ 1ï¼šå­˜åœ¨\"],\"columns[2].javaType\":[\"Integer\"],\"columns[2].javaField\":[\"status\"],\"columns[2].isInsert\":[\"1\"],\"columns[2].isEdit\":[\"1\"],\"columns[2].isList\":[\"1\"],\"columns[2].isQuery\":[\"1\"],\"columns[2].queryType\":[\"EQ\"],\"columns[2].htmlType\":[\"radio\"],\"columns[2].dictType\":[\"\"],\"tplCategory\":[\"crud\"],\"packageName\":[\"com.ruoyi.project.blog\"],\"moduleName\":[\"blog\"],\"businessName\":[\"tags\"],\"functionName\":[\"æ ‡ç­¾\"],\"params[treeCode]\":[\"\"],\"params[treeParentCode]\":[\"\"],\"params[treeName]\":[\"\"]}',0,NULL,'2019-09-13 22:41:55'),
(110,'ä»£ç ç”Ÿæˆ',8,'com.ruoyi.project.tool.gen.controller.GenController.batchGenCode()','GET',1,'admin','ç ”å‘éƒ¨é—¨','/tool/gen/batchGenCode','127.0.0.1','å†…ç½‘IP','{\"tables\":[\"blog_article,blog_article_comment,blog_classify,blog_message,blog_tags\"]}',0,NULL,'2019-09-13 22:50:11'),
(111,'èœå•ç®¡ç†',1,'com.ruoyi.project.system.menu.controller.MenuController.addSave()','POST',1,'admin','ç ”å‘éƒ¨é—¨','/system/menu/add','127.0.0.1','å†…ç½‘IP','{\"parentId\":[\"0\"],\"menuType\":[\"M\"],\"menuName\":[\"åšå®¢ç®¡ç†\"],\"url\":[\"\"],\"target\":[\"menuItem\"],\"perms\":[\"\"],\"orderNum\":[\"1\"],\"icon\":[\"fa fa-newspaper-o\"],\"visible\":[\"0\"]}',0,NULL,'2019-09-14 00:36:54'),
(112,'èœå•ç®¡ç†',2,'com.ruoyi.project.system.menu.controller.MenuController.editSave()','POST',1,'admin','ç ”å‘éƒ¨é—¨','/system/menu/edit','127.0.0.1','å†…ç½‘IP','{\"menuId\":[\"2000\"],\"parentId\":[\"2025\"],\"menuType\":[\"C\"],\"menuName\":[\"åšå®¢æ–‡ç« \"],\"url\":[\"/blog/article\"],\"target\":[\"menuItem\"],\"perms\":[\"blog:article:view\"],\"orderNum\":[\"1\"],\"icon\":[\"#\"],\"visible\":[\"0\"]}',0,NULL,'2019-09-14 00:37:23'),
(113,'èœå•ç®¡ç†',2,'com.ruoyi.project.system.menu.controller.MenuController.editSave()','POST',1,'admin','ç ”å‘éƒ¨é—¨','/system/menu/edit','127.0.0.1','å†…ç½‘IP','{\"menuId\":[\"2005\"],\"parentId\":[\"2025\"],\"menuType\":[\"C\"],\"menuName\":[\"æ–‡ç« åˆ†ç±»\"],\"url\":[\"/blog/classify\"],\"target\":[\"menuItem\"],\"perms\":[\"blog:classify:view\"],\"orderNum\":[\"1\"],\"icon\":[\"#\"],\"visible\":[\"0\"]}',0,NULL,'2019-09-14 00:37:42'),
(114,'èœå•ç®¡ç†',2,'com.ruoyi.project.system.menu.controller.MenuController.editSave()','POST',1,'admin','ç ”å‘éƒ¨é—¨','/system/menu/edit','127.0.0.1','å†…ç½‘IP','{\"menuId\":[\"2010\"],\"parentId\":[\"2025\"],\"menuType\":[\"C\"],\"menuName\":[\"æ–‡ç« è¯„è®º\"],\"url\":[\"/blog/comment\"],\"target\":[\"menuItem\"],\"perms\":[\"blog:comment:view\"],\"orderNum\":[\"1\"],\"icon\":[\"#\"],\"visible\":[\"0\"]}',0,NULL,'2019-09-14 00:37:55'),
(115,'èœå•ç®¡ç†',2,'com.ruoyi.project.system.menu.controller.MenuController.editSave()','POST',1,'admin','ç ”å‘éƒ¨é—¨','/system/menu/edit','127.0.0.1','å†…ç½‘IP','{\"menuId\":[\"2015\"],\"parentId\":[\"2025\"],\"menuType\":[\"C\"],\"menuName\":[\"ç•™è¨€\"],\"url\":[\"/blog/message\"],\"target\":[\"menuItem\"],\"perms\":[\"blog:message:view\"],\"orderNum\":[\"1\"],\"icon\":[\"#\"],\"visible\":[\"0\"]}',0,NULL,'2019-09-14 00:38:27'),
(116,'èœå•ç®¡ç†',2,'com.ruoyi.project.system.menu.controller.MenuController.editSave()','POST',1,'admin','ç ”å‘éƒ¨é—¨','/system/menu/edit','127.0.0.1','å†…ç½‘IP','{\"menuId\":[\"2020\"],\"parentId\":[\"2025\"],\"menuType\":[\"C\"],\"menuName\":[\"æ ‡ç­¾\"],\"url\":[\"/blog/tags\"],\"target\":[\"menuItem\"],\"perms\":[\"blog:tags:view\"],\"orderNum\":[\"1\"],\"icon\":[\"#\"],\"visible\":[\"0\"]}',0,NULL,'2019-09-14 00:38:37'),
(117,'ä»£ç ç”Ÿæˆ',2,'com.ruoyi.project.tool.gen.controller.GenController.editSave()','POST',1,'admin','ç ”å‘éƒ¨é—¨','/tool/gen/edit','127.0.0.1','å†…ç½‘IP','{\"tableId\":[\"1\"],\"tableName\":[\"blog_article\"],\"tableComment\":[\"åšå®¢æ–‡ç« è¡¨\"],\"className\":[\"Article\"],\"functionAuthor\":[\"ruoyi\"],\"remark\":[\"\"],\"columns[0].columnId\":[\"1\"],\"columns[0].sort\":[\"1\"],\"columns[0].columnComment\":[\"ä¸»é”®\"],\"columns[0].javaType\":[\"Long\"],\"columns[0].javaField\":[\"id\"],\"columns[0].isInsert\":[\"1\"],\"columns[0].queryType\":[\"EQ\"],\"columns[0].htmlType\":[\"input\"],\"columns[0].dictType\":[\"\"],\"columns[1].columnId\":[\"2\"],\"columns[1].sort\":[\"2\"],\"columns[1].columnComment\":[\"åˆ›å»ºæ—¶é—´\"],\"columns[1].javaType\":[\"Date\"],\"columns[1].javaField\":[\"createTime\"],\"columns[1].isInsert\":[\"1\"],\"columns[1].isList\":[\"1\"],\"columns[1].isQuery\":[\"1\"],\"columns[1].queryType\":[\"EQ\"],\"columns[1].htmlType\":[\"datetime\"],\"columns[1].dictType\":[\"\"],\"columns[2].columnId\":[\"3\"],\"columns[2].sort\":[\"3\"],\"columns[2].columnComment\":[\"åˆ é™¤æ—¶é—´\"],\"columns[2].javaType\":[\"Date\"],\"columns[2].javaField\":[\"deletetime\"],\"columns[2].isInsert\":[\"1\"],\"columns[2].isEdit\":[\"1\"],\"columns[2].isList\":[\"1\"],\"columns[2].isQuery\":[\"1\"],\"columns[2].queryType\":[\"EQ\"],\"columns[2].htmlType\":[\"datetime\"],\"columns[2].dictType\":[\"\"],\"columns[3].columnId\":[\"4\"],\"columns[3].sort\":[\"4\"],\"columns[3].columnComment\":[\"0ï¼šåˆ é™¤ 1ï¼šå­˜åœ¨\"],\"columns[3].javaType\":[\"Integer\"],\"columns[3].javaField\":[\"status\"],\"columns[3].isInsert\":[\"1\"],\"columns[3].isEdit\":[\"1\"],\"columns[3].isList\":[\"1\"],\"columns[3].isQuery\":[\"1\"],\"columns[3].queryType\":[\"EQ\"],\"columns[3].isRequired\":[\"1\"],\"columns[3].htmlType\":[\"radio\"],\"columns[3].dictType\":[\"\"],\"columns[4].columnId\":[\"5\"],\"columns[4].sort\":[\"5\"],\"columns[4].columnComment\":[\"ä½œè€…\"],\"columns[4].javaType\":[\"Long\"],\"columns[4].javaField\":[\"userId\"],\"columns[4].isInsert\":[\"1\"],\"columns[4].isEdit\":[\"1\"],\"columns[4].isList\":[\"1\"],\"columns[4].isQuery\":[\"1\"],\"columns[4].queryType\":[\"EQ\"],\"columns[4].isRequired\":[\"1\"],\"columns[4].htmlType\":[\"input\"],\"columns[4].dictType\":[\"\"],\"columns[5].columnId\":[\"6\"],\"columns[5].sort\":[\"6\"],\"columns[5].columnComment\":[\"æ ‡é¢˜\"],\"columns[5].javaType\":[\"String\"],\"columns[5].javaField\":[\"title\"',0,NULL,'2019-09-14 12:54:56'),
(118,'ä»£ç ç”Ÿæˆ',2,'com.ruoyi.project.tool.gen.controller.GenController.editSave()','POST',1,'admin','ç ”å‘éƒ¨é—¨','/tool/gen/edit','127.0.0.1','å†…ç½‘IP','{\"tableId\":[\"2\"],\"tableName\":[\"blog_article_comment\"],\"tableComment\":[\"æ–‡ç« è¯„è®ºè¡¨\"],\"className\":[\"ArticleComment\"],\"functionAuthor\":[\"ruoyi\"],\"remark\":[\"\"],\"columns[0].columnId\":[\"16\"],\"columns[0].sort\":[\"1\"],\"columns[0].columnComment\":[\"ä¸»é”®\"],\"columns[0].javaType\":[\"Long\"],\"columns[0].javaField\":[\"id\"],\"columns[0].isInsert\":[\"1\"],\"columns[0].queryType\":[\"EQ\"],\"columns[0].htmlType\":[\"input\"],\"columns[0].dictType\":[\"\"],\"columns[1].columnId\":[\"17\"],\"columns[1].sort\":[\"2\"],\"columns[1].columnComment\":[\"åˆ›å»ºæ—¶é—´\"],\"columns[1].javaType\":[\"Date\"],\"columns[1].javaField\":[\"createTime\"],\"columns[1].isInsert\":[\"1\"],\"columns[1].isEdit\":[\"1\"],\"columns[1].isList\":[\"1\"],\"columns[1].isQuery\":[\"1\"],\"columns[1].queryType\":[\"EQ\"],\"columns[1].htmlType\":[\"datetime\"],\"columns[1].dictType\":[\"\"],\"columns[2].columnId\":[\"18\"],\"columns[2].sort\":[\"3\"],\"columns[2].columnComment\":[\"åˆ é™¤æ—¶é—´\"],\"columns[2].javaType\":[\"Date\"],\"columns[2].javaField\":[\"deleteTime\"],\"columns[2].isInsert\":[\"1\"],\"columns[2].isEdit\":[\"1\"],\"columns[2].isList\":[\"1\"],\"columns[2].isQuery\":[\"1\"],\"columns[2].queryType\":[\"EQ\"],\"columns[2].htmlType\":[\"datetime\"],\"columns[2].dictType\":[\"\"],\"columns[3].columnId\":[\"19\"],\"columns[3].sort\":[\"4\"],\"columns[3].columnComment\":[\"0åˆ é™¤ 1 å­˜åœ¨\"],\"columns[3].javaType\":[\"Integer\"],\"columns[3].javaField\":[\"status\"],\"columns[3].isInsert\":[\"1\"],\"columns[3].isEdit\":[\"1\"],\"columns[3].isList\":[\"1\"],\"columns[3].isQuery\":[\"1\"],\"columns[3].queryType\":[\"EQ\"],\"columns[3].htmlType\":[\"radio\"],\"columns[3].dictType\":[\"\"],\"columns[4].columnId\":[\"20\"],\"columns[4].sort\":[\"5\"],\"columns[4].columnComment\":[\"ç”¨æˆ·id\"],\"columns[4].javaType\":[\"Long\"],\"columns[4].javaField\":[\"userId\"],\"columns[4].isInsert\":[\"1\"],\"columns[4].isEdit\":[\"1\"],\"columns[4].isList\":[\"1\"],\"columns[4].isQuery\":[\"1\"],\"columns[4].queryType\":[\"EQ\"],\"columns[4].htmlType\":[\"input\"],\"columns[4].dictType\":[\"\"],\"columns[5].columnId\":[\"21\"],\"columns[5].sort\":[\"6\"],\"columns[5].columnComment\":[\"å†…å®¹\"],\"columns[5].javaType\":[\"String\"],\"columns[5].javaField\":[\"content\"],\"columns',0,NULL,'2019-09-14 12:55:20'),
(119,'ä»£ç ç”Ÿæˆ',2,'com.ruoyi.project.tool.gen.controller.GenController.editSave()','POST',1,'admin','ç ”å‘éƒ¨é—¨','/tool/gen/edit','127.0.0.1','å†…ç½‘IP','{\"tableId\":[\"3\"],\"tableName\":[\"blog_classify\"],\"tableComment\":[\"æ–‡ç« åˆ†ç±»\"],\"className\":[\"Classify\"],\"functionAuthor\":[\"ruoyi\"],\"remark\":[\"\"],\"columns[0].columnId\":[\"24\"],\"columns[0].sort\":[\"1\"],\"columns[0].columnComment\":[\"ä¸»é”®\"],\"columns[0].javaType\":[\"Long\"],\"columns[0].javaField\":[\"id\"],\"columns[0].isInsert\":[\"1\"],\"columns[0].queryType\":[\"EQ\"],\"columns[0].htmlType\":[\"input\"],\"columns[0].dictType\":[\"\"],\"columns[1].columnId\":[\"25\"],\"columns[1].sort\":[\"2\"],\"columns[1].columnComment\":[\"åˆ›å»ºæ—¶é—´\"],\"columns[1].javaType\":[\"Date\"],\"columns[1].javaField\":[\"createTime\"],\"columns[1].isInsert\":[\"1\"],\"columns[1].isEdit\":[\"1\"],\"columns[1].isList\":[\"1\"],\"columns[1].isQuery\":[\"1\"],\"columns[1].queryType\":[\"EQ\"],\"columns[1].isRequired\":[\"1\"],\"columns[1].htmlType\":[\"datetime\"],\"columns[1].dictType\":[\"\"],\"columns[2].columnId\":[\"26\"],\"columns[2].sort\":[\"3\"],\"columns[2].columnComment\":[\"åˆ é™¤æ—¶é—´\"],\"columns[2].javaType\":[\"Date\"],\"columns[2].javaField\":[\"deleteTime\"],\"columns[2].isInsert\":[\"1\"],\"columns[2].isEdit\":[\"1\"],\"columns[2].isList\":[\"1\"],\"columns[2].isQuery\":[\"1\"],\"columns[2].queryType\":[\"EQ\"],\"columns[2].htmlType\":[\"datetime\"],\"columns[2].dictType\":[\"\"],\"columns[3].columnId\":[\"27\"],\"columns[3].sort\":[\"4\"],\"columns[3].columnComment\":[\"0:åˆ é™¤ 1ï¼šå­˜åœ¨\"],\"columns[3].javaType\":[\"Integer\"],\"columns[3].javaField\":[\"status\"],\"columns[3].isInsert\":[\"1\"],\"columns[3].isEdit\":[\"1\"],\"columns[3].isList\":[\"1\"],\"columns[3].isQuery\":[\"1\"],\"columns[3].queryType\":[\"EQ\"],\"columns[3].htmlType\":[\"radio\"],\"columns[3].dictType\":[\"\"],\"columns[4].columnId\":[\"28\"],\"columns[4].sort\":[\"5\"],\"columns[4].columnComment\":[\"åˆ†ç±»åç§°\"],\"columns[4].javaType\":[\"String\"],\"columns[4].javaField\":[\"name\"],\"columns[4].isInsert\":[\"1\"],\"columns[4].isEdit\":[\"1\"],\"columns[4].isList\":[\"1\"],\"columns[4].isQuery\":[\"1\"],\"columns[4].queryType\":[\"LIKE\"],\"columns[4].isRequired\":[\"1\"],\"columns[4].htmlType\":[\"input\"],\"columns[4].dictType\":[\"\"],\"tplCategory\":[\"crud\"],\"packageName\":[\"com.ruoyi.project.blog\"],\"moduleName\":[\"blog\"],\"businessName\":[\"classify\"],',0,NULL,'2019-09-14 12:55:41'),
(120,'ä»£ç ç”Ÿæˆ',2,'com.ruoyi.project.tool.gen.controller.GenController.editSave()','POST',1,'admin','ç ”å‘éƒ¨é—¨','/tool/gen/edit','127.0.0.1','å†…ç½‘IP','{\"tableId\":[\"4\"],\"tableName\":[\"blog_message\"],\"tableComment\":[\"ç•™è¨€è¡¨\"],\"className\":[\"Message\"],\"functionAuthor\":[\"ruoyi\"],\"remark\":[\"\"],\"columns[0].columnId\":[\"29\"],\"columns[0].sort\":[\"1\"],\"columns[0].columnComment\":[\"ä¸»é”®\"],\"columns[0].javaType\":[\"Long\"],\"columns[0].javaField\":[\"id\"],\"columns[0].isInsert\":[\"1\"],\"columns[0].queryType\":[\"EQ\"],\"columns[0].htmlType\":[\"input\"],\"columns[0].dictType\":[\"\"],\"columns[1].columnId\":[\"30\"],\"columns[1].sort\":[\"2\"],\"columns[1].columnComment\":[\"åˆ›å»ºæ—¶é—´\"],\"columns[1].javaType\":[\"Date\"],\"columns[1].javaField\":[\"createTime\"],\"columns[1].isInsert\":[\"1\"],\"columns[1].isEdit\":[\"1\"],\"columns[1].isList\":[\"1\"],\"columns[1].isQuery\":[\"1\"],\"columns[1].queryType\":[\"EQ\"],\"columns[1].htmlType\":[\"datetime\"],\"columns[1].dictType\":[\"\"],\"columns[2].columnId\":[\"31\"],\"columns[2].sort\":[\"3\"],\"columns[2].columnComment\":[\"åˆ é™¤æ—¶é—´\"],\"columns[2].javaType\":[\"Date\"],\"columns[2].javaField\":[\"deleteTime\"],\"columns[2].isInsert\":[\"1\"],\"columns[2].isEdit\":[\"1\"],\"columns[2].isList\":[\"1\"],\"columns[2].isQuery\":[\"1\"],\"columns[2].queryType\":[\"EQ\"],\"columns[2].htmlType\":[\"datetime\"],\"columns[2].dictType\":[\"\"],\"columns[3].columnId\":[\"32\"],\"columns[3].sort\":[\"4\"],\"columns[3].columnComment\":[\"0ï¼šåˆ é™¤ 1ï¼šå­˜åœ¨\"],\"columns[3].javaType\":[\"Integer\"],\"columns[3].javaField\":[\"status\"],\"columns[3].isInsert\":[\"1\"],\"columns[3].isEdit\":[\"1\"],\"columns[3].isList\":[\"1\"],\"columns[3].isQuery\":[\"1\"],\"columns[3].queryType\":[\"EQ\"],\"columns[3].htmlType\":[\"radio\"],\"columns[3].dictType\":[\"\"],\"columns[4].columnId\":[\"33\"],\"columns[4].sort\":[\"5\"],\"columns[4].columnComment\":[\"å†…å®¹\"],\"columns[4].javaType\":[\"String\"],\"columns[4].javaField\":[\"content\"],\"columns[4].isInsert\":[\"1\"],\"columns[4].isEdit\":[\"1\"],\"columns[4].isList\":[\"1\"],\"columns[4].isQuery\":[\"1\"],\"columns[4].queryType\":[\"EQ\"],\"columns[4].htmlType\":[\"input\"],\"columns[4].dictType\":[\"\"],\"columns[5].columnId\":[\"34\"],\"columns[5].sort\":[\"6\"],\"columns[5].columnComment\":[\"å›å¤çˆ¶id\"],\"columns[5].javaType\":[\"Long\"],\"columns[5].javaField\":[\"replyId\"],\"columns[5].isInsert\":',0,NULL,'2019-09-14 12:56:01'),
(121,'ä»£ç ç”Ÿæˆ',2,'com.ruoyi.project.tool.gen.controller.GenController.editSave()','POST',1,'admin','ç ”å‘éƒ¨é—¨','/tool/gen/edit','127.0.0.1','å†…ç½‘IP','{\"tableId\":[\"5\"],\"tableName\":[\"blog_tags\"],\"tableComment\":[\"æ ‡ç­¾è¡¨\"],\"className\":[\"Tags\"],\"functionAuthor\":[\"ruoyi\"],\"remark\":[\"\"],\"columns[0].columnId\":[\"36\"],\"columns[0].sort\":[\"1\"],\"columns[0].columnComment\":[\"ä¸»é”®\"],\"columns[0].javaType\":[\"Long\"],\"columns[0].javaField\":[\"id\"],\"columns[0].isInsert\":[\"1\"],\"columns[0].queryType\":[\"EQ\"],\"columns[0].htmlType\":[\"input\"],\"columns[0].dictType\":[\"\"],\"columns[1].columnId\":[\"37\"],\"columns[1].sort\":[\"2\"],\"columns[1].columnComment\":[\"åç§°\"],\"columns[1].javaType\":[\"String\"],\"columns[1].javaField\":[\"name\"],\"columns[1].isInsert\":[\"1\"],\"columns[1].isEdit\":[\"1\"],\"columns[1].isList\":[\"1\"],\"columns[1].isQuery\":[\"1\"],\"columns[1].queryType\":[\"LIKE\"],\"columns[1].htmlType\":[\"input\"],\"columns[1].dictType\":[\"\"],\"columns[2].columnId\":[\"38\"],\"columns[2].sort\":[\"3\"],\"columns[2].columnComment\":[\"0:åˆ é™¤ 1ï¼šå­˜åœ¨\"],\"columns[2].javaType\":[\"Integer\"],\"columns[2].javaField\":[\"status\"],\"columns[2].isInsert\":[\"1\"],\"columns[2].isEdit\":[\"1\"],\"columns[2].isList\":[\"1\"],\"columns[2].isQuery\":[\"1\"],\"columns[2].queryType\":[\"EQ\"],\"columns[2].htmlType\":[\"radio\"],\"columns[2].dictType\":[\"\"],\"tplCategory\":[\"crud\"],\"packageName\":[\"com.ruoyi.project.blog\"],\"moduleName\":[\"blog\"],\"businessName\":[\"tags\"],\"functionName\":[\"æ ‡ç­¾\"],\"params[treeCode]\":[\"\"],\"params[treeParentCode]\":[\"\"],\"params[treeName]\":[\"\"]}',0,NULL,'2019-09-14 12:56:04'),
(122,'ä»£ç ç”Ÿæˆ',8,'com.ruoyi.project.tool.gen.controller.GenController.batchGenCode()','GET',1,'admin','ç ”å‘éƒ¨é—¨','/tool/gen/batchGenCode','127.0.0.1','å†…ç½‘IP','{\"tables\":[\"blog_article,blog_article_comment,blog_classify,blog_message,blog_tags\"]}',0,NULL,'2019-09-14 12:56:11'),
(123,'ä»£ç ç”Ÿæˆ',2,'com.ruoyi.project.tool.gen.controller.GenController.editSave()','POST',1,'admin','ç ”å‘éƒ¨é—¨','/tool/gen/edit','127.0.0.1','å†…ç½‘IP','{\"tableId\":[\"1\"],\"tableName\":[\"blog_article\"],\"tableComment\":[\"åšå®¢æ–‡ç« è¡¨\"],\"className\":[\"Article\"],\"functionAuthor\":[\"ruoyi\"],\"remark\":[\"\"],\"columns[0].columnId\":[\"1\"],\"columns[0].sort\":[\"1\"],\"columns[0].columnComment\":[\"ä¸»é”®\"],\"columns[0].javaType\":[\"Long\"],\"columns[0].javaField\":[\"id\"],\"columns[0].isInsert\":[\"1\"],\"columns[0].queryType\":[\"EQ\"],\"columns[0].htmlType\":[\"input\"],\"columns[0].dictType\":[\"\"],\"columns[1].columnId\":[\"2\"],\"columns[1].sort\":[\"2\"],\"columns[1].columnComment\":[\"åˆ›å»ºæ—¶é—´\"],\"columns[1].javaType\":[\"Date\"],\"columns[1].javaField\":[\"createTime\"],\"columns[1].isInsert\":[\"1\"],\"columns[1].isList\":[\"1\"],\"columns[1].isQuery\":[\"1\"],\"columns[1].queryType\":[\"EQ\"],\"columns[1].htmlType\":[\"datetime\"],\"columns[1].dictType\":[\"\"],\"columns[2].columnId\":[\"3\"],\"columns[2].sort\":[\"3\"],\"columns[2].columnComment\":[\"åˆ é™¤æ—¶é—´\"],\"columns[2].javaType\":[\"Date\"],\"columns[2].javaField\":[\"deleteTime\"],\"columns[2].isInsert\":[\"1\"],\"columns[2].isEdit\":[\"1\"],\"columns[2].isList\":[\"1\"],\"columns[2].isQuery\":[\"1\"],\"columns[2].queryType\":[\"EQ\"],\"columns[2].htmlType\":[\"datetime\"],\"columns[2].dictType\":[\"\"],\"columns[3].columnId\":[\"4\"],\"columns[3].sort\":[\"4\"],\"columns[3].columnComment\":[\"0ï¼šåˆ é™¤ 1ï¼šå­˜åœ¨\"],\"columns[3].javaType\":[\"Integer\"],\"columns[3].javaField\":[\"status\"],\"columns[3].isInsert\":[\"1\"],\"columns[3].isEdit\":[\"1\"],\"columns[3].isList\":[\"1\"],\"columns[3].isQuery\":[\"1\"],\"columns[3].queryType\":[\"EQ\"],\"columns[3].isRequired\":[\"1\"],\"columns[3].htmlType\":[\"radio\"],\"columns[3].dictType\":[\"\"],\"columns[4].columnId\":[\"5\"],\"columns[4].sort\":[\"5\"],\"columns[4].columnComment\":[\"ä½œè€…\"],\"columns[4].javaType\":[\"Long\"],\"columns[4].javaField\":[\"userId\"],\"columns[4].isInsert\":[\"1\"],\"columns[4].isEdit\":[\"1\"],\"columns[4].isList\":[\"1\"],\"columns[4].isQuery\":[\"1\"],\"columns[4].queryType\":[\"EQ\"],\"columns[4].isRequired\":[\"1\"],\"columns[4].htmlType\":[\"input\"],\"columns[4].dictType\":[\"\"],\"columns[5].columnId\":[\"6\"],\"columns[5].sort\":[\"6\"],\"columns[5].columnComment\":[\"æ ‡é¢˜\"],\"columns[5].javaType\":[\"String\"],\"columns[5].javaField\":[\"title\"',0,NULL,'2019-09-14 12:58:49'),
(124,'ä»£ç ç”Ÿæˆ',8,'com.ruoyi.project.tool.gen.controller.GenController.batchGenCode()','GET',1,'admin','ç ”å‘éƒ¨é—¨','/tool/gen/batchGenCode','127.0.0.1','å†…ç½‘IP','{\"tables\":[\"blog_article,blog_article_comment,blog_classify,blog_message,blog_tags\"]}',0,NULL,'2019-09-14 12:59:15'),
(125,'ä»£ç ç”Ÿæˆ',8,'com.ruoyi.project.tool.gen.controller.GenController.batchGenCode()','GET',1,'admin','ç ”å‘éƒ¨é—¨','/tool/gen/batchGenCode','127.0.0.1','å†…ç½‘IP','{\"tables\":[\"blog_article,blog_article_comment,blog_classify,blog_message,blog_tags\"]}',0,NULL,'2019-09-14 13:02:31'),
(126,'ä»£ç ç”Ÿæˆ',8,'com.ruoyi.project.tool.gen.controller.GenController.batchGenCode()','GET',1,'admin','ç ”å‘éƒ¨é—¨','/tool/gen/batchGenCode','127.0.0.1','å†…ç½‘IP','{\"tables\":[\"blog_article,blog_article_comment,blog_classify,blog_message,blog_tags\"]}',0,NULL,'2019-09-14 13:29:50'),
(127,'ä»£ç ç”Ÿæˆ',2,'com.ruoyi.project.tool.gen.controller.GenController.editSave()','POST',1,'admin','ç ”å‘éƒ¨é—¨','/tool/gen/edit','127.0.0.1','å†…ç½‘IP','{\"tableId\":[\"5\"],\"tableName\":[\"blog_tags\"],\"tableComment\":[\"æ ‡ç­¾è¡¨\"],\"className\":[\"Tags\"],\"functionAuthor\":[\"ruoyi\"],\"remark\":[\"\"],\"columns[0].columnId\":[\"36\"],\"columns[0].sort\":[\"1\"],\"columns[0].columnComment\":[\"ä¸»é”®\"],\"columns[0].javaType\":[\"Long\"],\"columns[0].javaField\":[\"id\"],\"columns[0].isInsert\":[\"1\"],\"columns[0].queryType\":[\"EQ\"],\"columns[0].htmlType\":[\"input\"],\"columns[0].dictType\":[\"\"],\"columns[1].columnId\":[\"37\"],\"columns[1].sort\":[\"2\"],\"columns[1].columnComment\":[\"åç§°\"],\"columns[1].javaType\":[\"String\"],\"columns[1].javaField\":[\"name\"],\"columns[1].isInsert\":[\"1\"],\"columns[1].isEdit\":[\"1\"],\"columns[1].isList\":[\"1\"],\"columns[1].isQuery\":[\"1\"],\"columns[1].queryType\":[\"LIKE\"],\"columns[1].htmlType\":[\"input\"],\"columns[1].dictType\":[\"\"],\"columns[2].columnId\":[\"38\"],\"columns[2].sort\":[\"3\"],\"columns[2].columnComment\":[\"0:åˆ é™¤ 1ï¼šå­˜åœ¨\"],\"columns[2].javaType\":[\"Integer\"],\"columns[2].javaField\":[\"status\"],\"columns[2].isInsert\":[\"1\"],\"columns[2].isEdit\":[\"1\"],\"columns[2].queryType\":[\"EQ\"],\"columns[2].htmlType\":[\"radio\"],\"columns[2].dictType\":[\"\"],\"tplCategory\":[\"crud\"],\"packageName\":[\"com.ruoyi.project.blog\"],\"moduleName\":[\"blog\"],\"businessName\":[\"tags\"],\"functionName\":[\"æ ‡ç­¾\"],\"params[treeCode]\":[\"\"],\"params[treeParentCode]\":[\"\"],\"params[treeName]\":[\"\"]}',0,NULL,'2019-09-14 13:45:34'),
(128,'ä»£ç ç”Ÿæˆ',2,'com.ruoyi.project.tool.gen.controller.GenController.editSave()','POST',1,'admin','ç ”å‘éƒ¨é—¨','/tool/gen/edit','127.0.0.1','å†…ç½‘IP','{\"tableId\":[\"1\"],\"tableName\":[\"blog_article\"],\"tableComment\":[\"åšå®¢æ–‡ç« è¡¨\"],\"className\":[\"Article\"],\"functionAuthor\":[\"ruoyi\"],\"remark\":[\"\"],\"columns[0].columnId\":[\"1\"],\"columns[0].sort\":[\"1\"],\"columns[0].columnComment\":[\"ä¸»é”®\"],\"columns[0].javaType\":[\"Long\"],\"columns[0].javaField\":[\"id\"],\"columns[0].isInsert\":[\"1\"],\"columns[0].queryType\":[\"EQ\"],\"columns[0].htmlType\":[\"input\"],\"columns[0].dictType\":[\"\"],\"columns[1].columnId\":[\"2\"],\"columns[1].sort\":[\"2\"],\"columns[1].columnComment\":[\"åˆ›å»ºæ—¶é—´\"],\"columns[1].javaType\":[\"Date\"],\"columns[1].javaField\":[\"createTime\"],\"columns[1].isInsert\":[\"1\"],\"columns[1].isList\":[\"1\"],\"columns[1].isQuery\":[\"1\"],\"columns[1].queryType\":[\"EQ\"],\"columns[1].htmlType\":[\"datetime\"],\"columns[1].dictType\":[\"\"],\"columns[2].columnId\":[\"3\"],\"columns[2].sort\":[\"3\"],\"columns[2].columnComment\":[\"åˆ é™¤æ—¶é—´\"],\"columns[2].javaType\":[\"Date\"],\"columns[2].javaField\":[\"deleteTime\"],\"columns[2].isInsert\":[\"1\"],\"columns[2].queryType\":[\"EQ\"],\"columns[2].htmlType\":[\"datetime\"],\"columns[2].dictType\":[\"\"],\"columns[3].columnId\":[\"4\"],\"columns[3].sort\":[\"4\"],\"columns[3].columnComment\":[\"0ï¼šåˆ é™¤ 1ï¼šå­˜åœ¨\"],\"columns[3].javaType\":[\"Integer\"],\"columns[3].javaField\":[\"status\"],\"columns[3].isInsert\":[\"1\"],\"columns[3].isEdit\":[\"1\"],\"columns[3].queryType\":[\"EQ\"],\"columns[3].isRequired\":[\"1\"],\"columns[3].htmlType\":[\"radio\"],\"columns[3].dictType\":[\"\"],\"columns[4].columnId\":[\"5\"],\"columns[4].sort\":[\"5\"],\"columns[4].columnComment\":[\"ä½œè€…\"],\"columns[4].javaType\":[\"Long\"],\"columns[4].javaField\":[\"userId\"],\"columns[4].isInsert\":[\"1\"],\"columns[4].queryType\":[\"EQ\"],\"columns[4].isRequired\":[\"1\"],\"columns[4].htmlType\":[\"input\"],\"columns[4].dictType\":[\"\"],\"columns[5].columnId\":[\"6\"],\"columns[5].sort\":[\"6\"],\"columns[5].columnComment\":[\"æ ‡é¢˜\"],\"columns[5].javaType\":[\"String\"],\"columns[5].javaField\":[\"title\"],\"columns[5].isInsert\":[\"1\"],\"columns[5].isEdit\":[\"1\"],\"columns[5].isList\":[\"1\"],\"columns[5].isQuery\":[\"1\"],\"columns[5].queryType\":[\"EQ\"],\"columns[5].htmlType\":[\"input\"],\"columns[5].dictType\":[\"\"],\"columns[6].c',0,NULL,'2019-09-14 17:45:53'),
(129,'ä»£ç ç”Ÿæˆ',2,'com.ruoyi.project.tool.gen.controller.GenController.editSave()','POST',1,'admin','ç ”å‘éƒ¨é—¨','/tool/gen/edit','127.0.0.1','å†…ç½‘IP','{\"tableId\":[\"2\"],\"tableName\":[\"blog_article_comment\"],\"tableComment\":[\"æ–‡ç« è¯„è®ºè¡¨\"],\"className\":[\"ArticleComment\"],\"functionAuthor\":[\"ruoyi\"],\"remark\":[\"\"],\"columns[0].columnId\":[\"16\"],\"columns[0].sort\":[\"1\"],\"columns[0].columnComment\":[\"ä¸»é”®\"],\"columns[0].javaType\":[\"Long\"],\"columns[0].javaField\":[\"id\"],\"columns[0].isInsert\":[\"1\"],\"columns[0].queryType\":[\"EQ\"],\"columns[0].htmlType\":[\"input\"],\"columns[0].dictType\":[\"\"],\"columns[1].columnId\":[\"17\"],\"columns[1].sort\":[\"2\"],\"columns[1].columnComment\":[\"åˆ›å»ºæ—¶é—´\"],\"columns[1].javaType\":[\"Date\"],\"columns[1].javaField\":[\"createTime\"],\"columns[1].isList\":[\"1\"],\"columns[1].isQuery\":[\"1\"],\"columns[1].queryType\":[\"EQ\"],\"columns[1].htmlType\":[\"datetime\"],\"columns[1].dictType\":[\"\"],\"columns[2].columnId\":[\"18\"],\"columns[2].sort\":[\"3\"],\"columns[2].columnComment\":[\"åˆ é™¤æ—¶é—´\"],\"columns[2].javaType\":[\"Date\"],\"columns[2].javaField\":[\"deleteTime\"],\"columns[2].queryType\":[\"EQ\"],\"columns[2].htmlType\":[\"datetime\"],\"columns[2].dictType\":[\"\"],\"columns[3].columnId\":[\"19\"],\"columns[3].sort\":[\"4\"],\"columns[3].columnComment\":[\"0åˆ é™¤ 1 å­˜åœ¨\"],\"columns[3].javaType\":[\"Integer\"],\"columns[3].javaField\":[\"status\"],\"columns[3].isEdit\":[\"1\"],\"columns[3].queryType\":[\"EQ\"],\"columns[3].htmlType\":[\"radio\"],\"columns[3].dictType\":[\"\"],\"columns[4].columnId\":[\"20\"],\"columns[4].sort\":[\"5\"],\"columns[4].columnComment\":[\"ç”¨æˆ·id\"],\"columns[4].javaType\":[\"Long\"],\"columns[4].javaField\":[\"userId\"],\"columns[4].queryType\":[\"EQ\"],\"columns[4].htmlType\":[\"input\"],\"columns[4].dictType\":[\"\"],\"columns[5].columnId\":[\"21\"],\"columns[5].sort\":[\"6\"],\"columns[5].columnComment\":[\"å†…å®¹\"],\"columns[5].javaType\":[\"String\"],\"columns[5].javaField\":[\"content\"],\"columns[5].isInsert\":[\"1\"],\"columns[5].isEdit\":[\"1\"],\"columns[5].queryType\":[\"EQ\"],\"columns[5].htmlType\":[\"input\"],\"columns[5].dictType\":[\"\"],\"columns[6].columnId\":[\"22\"],\"columns[6].sort\":[\"7\"],\"columns[6].columnComment\":[\"æ–‡ç« id\"],\"columns[6].javaType\":[\"Long\"],\"columns[6].javaField\":[\"articleId\"],\"columns[6].queryType\":[\"EQ\"],\"columns[6].htmlType\":[\"inp',0,NULL,'2019-09-14 17:47:45'),
(130,'ä»£ç ç”Ÿæˆ',2,'com.ruoyi.project.tool.gen.controller.GenController.editSave()','POST',1,'admin','ç ”å‘éƒ¨é—¨','/tool/gen/edit','127.0.0.1','å†…ç½‘IP','{\"tableId\":[\"3\"],\"tableName\":[\"blog_classify\"],\"tableComment\":[\"æ–‡ç« åˆ†ç±»\"],\"className\":[\"Classify\"],\"functionAuthor\":[\"ruoyi\"],\"remark\":[\"\"],\"columns[0].columnId\":[\"24\"],\"columns[0].sort\":[\"1\"],\"columns[0].columnComment\":[\"ä¸»é”®\"],\"columns[0].javaType\":[\"Long\"],\"columns[0].javaField\":[\"id\"],\"columns[0].isInsert\":[\"1\"],\"columns[0].queryType\":[\"EQ\"],\"columns[0].htmlType\":[\"input\"],\"columns[0].dictType\":[\"\"],\"columns[1].columnId\":[\"25\"],\"columns[1].sort\":[\"2\"],\"columns[1].columnComment\":[\"åˆ›å»ºæ—¶é—´\"],\"columns[1].javaType\":[\"Date\"],\"columns[1].javaField\":[\"createTime\"],\"columns[1].isList\":[\"1\"],\"columns[1].isQuery\":[\"1\"],\"columns[1].queryType\":[\"EQ\"],\"columns[1].isRequired\":[\"1\"],\"columns[1].htmlType\":[\"datetime\"],\"columns[1].dictType\":[\"\"],\"columns[2].columnId\":[\"26\"],\"columns[2].sort\":[\"3\"],\"columns[2].columnComment\":[\"åˆ é™¤æ—¶é—´\"],\"columns[2].javaType\":[\"Date\"],\"columns[2].javaField\":[\"deleteTime\"],\"columns[2].queryType\":[\"EQ\"],\"columns[2].htmlType\":[\"datetime\"],\"columns[2].dictType\":[\"\"],\"columns[3].columnId\":[\"27\"],\"columns[3].sort\":[\"4\"],\"columns[3].columnComment\":[\"0:åˆ é™¤ 1ï¼šå­˜åœ¨\"],\"columns[3].javaType\":[\"Integer\"],\"columns[3].javaField\":[\"status\"],\"columns[3].isEdit\":[\"1\"],\"columns[3].queryType\":[\"EQ\"],\"columns[3].htmlType\":[\"radio\"],\"columns[3].dictType\":[\"\"],\"columns[4].columnId\":[\"28\"],\"columns[4].sort\":[\"5\"],\"columns[4].columnComment\":[\"åˆ†ç±»åç§°\"],\"columns[4].javaType\":[\"String\"],\"columns[4].javaField\":[\"name\"],\"columns[4].isInsert\":[\"1\"],\"columns[4].isEdit\":[\"1\"],\"columns[4].isList\":[\"1\"],\"columns[4].isQuery\":[\"1\"],\"columns[4].queryType\":[\"LIKE\"],\"columns[4].isRequired\":[\"1\"],\"columns[4].htmlType\":[\"input\"],\"columns[4].dictType\":[\"\"],\"tplCategory\":[\"crud\"],\"packageName\":[\"com.ruoyi.project.blog\"],\"moduleName\":[\"blog\"],\"businessName\":[\"classify\"],\"functionName\":[\"æ–‡ç« åˆ†ç±»\"],\"params[treeCode]\":[\"\"],\"params[treeParentCode]\":[\"\"],\"params[treeName]\":[\"\"]}',0,NULL,'2019-09-14 17:48:22'),
(131,'ä»£ç ç”Ÿæˆ',2,'com.ruoyi.project.tool.gen.controller.GenController.editSave()','POST',1,'admin','ç ”å‘éƒ¨é—¨','/tool/gen/edit','127.0.0.1','å†…ç½‘IP','{\"tableId\":[\"4\"],\"tableName\":[\"blog_message\"],\"tableComment\":[\"ç•™è¨€è¡¨\"],\"className\":[\"Message\"],\"functionAuthor\":[\"ruoyi\"],\"remark\":[\"\"],\"columns[0].columnId\":[\"29\"],\"columns[0].sort\":[\"1\"],\"columns[0].columnComment\":[\"ä¸»é”®\"],\"columns[0].javaType\":[\"Long\"],\"columns[0].javaField\":[\"id\"],\"columns[0].isInsert\":[\"1\"],\"columns[0].queryType\":[\"EQ\"],\"columns[0].htmlType\":[\"input\"],\"columns[0].dictType\":[\"\"],\"columns[1].columnId\":[\"30\"],\"columns[1].sort\":[\"2\"],\"columns[1].columnComment\":[\"åˆ›å»ºæ—¶é—´\"],\"columns[1].javaType\":[\"Date\"],\"columns[1].javaField\":[\"createTime\"],\"columns[1].isList\":[\"1\"],\"columns[1].isQuery\":[\"1\"],\"columns[1].queryType\":[\"EQ\"],\"columns[1].htmlType\":[\"datetime\"],\"columns[1].dictType\":[\"\"],\"columns[2].columnId\":[\"31\"],\"columns[2].sort\":[\"3\"],\"columns[2].columnComment\":[\"åˆ é™¤æ—¶é—´\"],\"columns[2].javaType\":[\"Date\"],\"columns[2].javaField\":[\"deleteTime\"],\"columns[2].queryType\":[\"EQ\"],\"columns[2].htmlType\":[\"datetime\"],\"columns[2].dictType\":[\"\"],\"columns[3].columnId\":[\"32\"],\"columns[3].sort\":[\"4\"],\"columns[3].columnComment\":[\"0ï¼šåˆ é™¤ 1ï¼šå­˜åœ¨\"],\"columns[3].javaType\":[\"Integer\"],\"columns[3].javaField\":[\"status\"],\"columns[3].queryType\":[\"EQ\"],\"columns[3].htmlType\":[\"radio\"],\"columns[3].dictType\":[\"\"],\"columns[4].columnId\":[\"33\"],\"columns[4].sort\":[\"5\"],\"columns[4].columnComment\":[\"å†…å®¹\"],\"columns[4].javaType\":[\"String\"],\"columns[4].javaField\":[\"content\"],\"columns[4].isInsert\":[\"1\"],\"columns[4].isList\":[\"1\"],\"columns[4].queryType\":[\"EQ\"],\"columns[4].htmlType\":[\"input\"],\"columns[4].dictType\":[\"\"],\"columns[5].columnId\":[\"34\"],\"columns[5].sort\":[\"6\"],\"columns[5].columnComment\":[\"å›å¤çˆ¶id\"],\"columns[5].javaType\":[\"Long\"],\"columns[5].javaField\":[\"replyId\"],\"columns[5].queryType\":[\"EQ\"],\"columns[5].htmlType\":[\"input\"],\"columns[5].dictType\":[\"\"],\"columns[6].columnId\":[\"35\"],\"columns[6].sort\":[\"7\"],\"columns[6].columnComment\":[\"ä½œè€…\"],\"columns[6].javaType\":[\"Long\"],\"columns[6].javaField\":[\"userId\"],\"columns[6].isList\":[\"1\"],\"columns[6].queryType\":[\"EQ\"],\"columns[6].htmlType\":[\"input\"],\"columns[6].di',0,NULL,'2019-09-14 17:49:17'),
(132,'ä»£ç ç”Ÿæˆ',2,'com.ruoyi.project.tool.gen.controller.GenController.editSave()','POST',1,'admin','ç ”å‘éƒ¨é—¨','/tool/gen/edit','127.0.0.1','å†…ç½‘IP','{\"tableId\":[\"5\"],\"tableName\":[\"blog_tags\"],\"tableComment\":[\"æ ‡ç­¾è¡¨\"],\"className\":[\"Tags\"],\"functionAuthor\":[\"ruoyi\"],\"remark\":[\"\"],\"columns[0].columnId\":[\"36\"],\"columns[0].sort\":[\"1\"],\"columns[0].columnComment\":[\"ä¸»é”®\"],\"columns[0].javaType\":[\"Long\"],\"columns[0].javaField\":[\"id\"],\"columns[0].isInsert\":[\"1\"],\"columns[0].queryType\":[\"EQ\"],\"columns[0].htmlType\":[\"input\"],\"columns[0].dictType\":[\"\"],\"columns[1].columnId\":[\"37\"],\"columns[1].sort\":[\"2\"],\"columns[1].columnComment\":[\"åç§°\"],\"columns[1].javaType\":[\"String\"],\"columns[1].javaField\":[\"name\"],\"columns[1].isInsert\":[\"1\"],\"columns[1].isEdit\":[\"1\"],\"columns[1].isList\":[\"1\"],\"columns[1].isQuery\":[\"1\"],\"columns[1].queryType\":[\"LIKE\"],\"columns[1].htmlType\":[\"input\"],\"columns[1].dictType\":[\"\"],\"columns[2].columnId\":[\"38\"],\"columns[2].sort\":[\"3\"],\"columns[2].columnComment\":[\"0:åˆ é™¤ 1ï¼šå­˜åœ¨\"],\"columns[2].javaType\":[\"Integer\"],\"columns[2].javaField\":[\"status\"],\"columns[2].isEdit\":[\"1\"],\"columns[2].queryType\":[\"EQ\"],\"columns[2].htmlType\":[\"radio\"],\"columns[2].dictType\":[\"\"],\"tplCategory\":[\"crud\"],\"packageName\":[\"com.ruoyi.project.blog\"],\"moduleName\":[\"blog\"],\"businessName\":[\"tags\"],\"functionName\":[\"æ ‡ç­¾\"],\"params[treeCode]\":[\"\"],\"params[treeParentCode]\":[\"\"],\"params[treeName]\":[\"\"]}',0,NULL,'2019-09-14 17:49:32'),
(133,'ä»£ç ç”Ÿæˆ',2,'com.ruoyi.project.tool.gen.controller.GenController.editSave()','POST',1,'admin','ç ”å‘éƒ¨é—¨','/tool/gen/edit','127.0.0.1','å†…ç½‘IP','{\"tableId\":[\"2\"],\"tableName\":[\"blog_article_comment\"],\"tableComment\":[\"æ–‡ç« è¯„è®ºè¡¨\"],\"className\":[\"ArticleComment\"],\"functionAuthor\":[\"ruoyi\"],\"remark\":[\"\"],\"columns[0].columnId\":[\"16\"],\"columns[0].sort\":[\"1\"],\"columns[0].columnComment\":[\"ä¸»é”®\"],\"columns[0].javaType\":[\"Long\"],\"columns[0].javaField\":[\"id\"],\"columns[0].isInsert\":[\"1\"],\"columns[0].queryType\":[\"EQ\"],\"columns[0].htmlType\":[\"input\"],\"columns[0].dictType\":[\"\"],\"columns[1].columnId\":[\"17\"],\"columns[1].sort\":[\"2\"],\"columns[1].columnComment\":[\"åˆ›å»ºæ—¶é—´\"],\"columns[1].javaType\":[\"Date\"],\"columns[1].javaField\":[\"createTime\"],\"columns[1].isList\":[\"1\"],\"columns[1].isQuery\":[\"1\"],\"columns[1].queryType\":[\"EQ\"],\"columns[1].htmlType\":[\"datetime\"],\"columns[1].dictType\":[\"\"],\"columns[2].columnId\":[\"18\"],\"columns[2].sort\":[\"3\"],\"columns[2].columnComment\":[\"åˆ é™¤æ—¶é—´\"],\"columns[2].javaType\":[\"Date\"],\"columns[2].javaField\":[\"deleteTime\"],\"columns[2].queryType\":[\"EQ\"],\"columns[2].htmlType\":[\"datetime\"],\"columns[2].dictType\":[\"\"],\"columns[3].columnId\":[\"19\"],\"columns[3].sort\":[\"4\"],\"columns[3].columnComment\":[\"0åˆ é™¤ 1 å­˜åœ¨\"],\"columns[3].javaType\":[\"Integer\"],\"columns[3].javaField\":[\"status\"],\"columns[3].isEdit\":[\"1\"],\"columns[3].queryType\":[\"EQ\"],\"columns[3].htmlType\":[\"radio\"],\"columns[3].dictType\":[\"\"],\"columns[4].columnId\":[\"20\"],\"columns[4].sort\":[\"5\"],\"columns[4].columnComment\":[\"ç”¨æˆ·id\"],\"columns[4].javaType\":[\"Long\"],\"columns[4].javaField\":[\"userId\"],\"columns[4].queryType\":[\"EQ\"],\"columns[4].htmlType\":[\"input\"],\"columns[4].dictType\":[\"\"],\"columns[5].columnId\":[\"21\"],\"columns[5].sort\":[\"6\"],\"columns[5].columnComment\":[\"å†…å®¹\"],\"columns[5].javaType\":[\"String\"],\"columns[5].javaField\":[\"content\"],\"columns[5].isList\":[\"1\"],\"columns[5].queryType\":[\"EQ\"],\"columns[5].htmlType\":[\"input\"],\"columns[5].dictType\":[\"\"],\"columns[6].columnId\":[\"22\"],\"columns[6].sort\":[\"7\"],\"columns[6].columnComment\":[\"æ–‡ç« id\"],\"columns[6].javaType\":[\"Long\"],\"columns[6].javaField\":[\"articleId\"],\"columns[6].queryType\":[\"EQ\"],\"columns[6].htmlType\":[\"input\"],\"columns[6].dictType\":[',0,NULL,'2019-09-14 17:49:52'),
(134,'ä»£ç ç”Ÿæˆ',2,'com.ruoyi.project.tool.gen.controller.GenController.editSave()','POST',1,'admin','ç ”å‘éƒ¨é—¨','/tool/gen/edit','127.0.0.1','å†…ç½‘IP','{\"tableId\":[\"1\"],\"tableName\":[\"blog_article\"],\"tableComment\":[\"åšå®¢æ–‡ç« è¡¨\"],\"className\":[\"Article\"],\"functionAuthor\":[\"ruoyi\"],\"remark\":[\"\"],\"columns[0].columnId\":[\"1\"],\"columns[0].sort\":[\"1\"],\"columns[0].columnComment\":[\"ä¸»é”®\"],\"columns[0].javaType\":[\"Long\"],\"columns[0].javaField\":[\"id\"],\"columns[0].isInsert\":[\"1\"],\"columns[0].queryType\":[\"EQ\"],\"columns[0].htmlType\":[\"input\"],\"columns[0].dictType\":[\"\"],\"columns[1].columnId\":[\"2\"],\"columns[1].sort\":[\"2\"],\"columns[1].columnComment\":[\"åˆ›å»ºæ—¶é—´\"],\"columns[1].javaType\":[\"Date\"],\"columns[1].javaField\":[\"createTime\"],\"columns[1].isList\":[\"1\"],\"columns[1].isQuery\":[\"1\"],\"columns[1].queryType\":[\"EQ\"],\"columns[1].htmlType\":[\"datetime\"],\"columns[1].dictType\":[\"\"],\"columns[2].columnId\":[\"3\"],\"columns[2].sort\":[\"3\"],\"columns[2].columnComment\":[\"åˆ é™¤æ—¶é—´\"],\"columns[2].javaType\":[\"Date\"],\"columns[2].javaField\":[\"deleteTime\"],\"columns[2].queryType\":[\"EQ\"],\"columns[2].htmlType\":[\"datetime\"],\"columns[2].dictType\":[\"\"],\"columns[3].columnId\":[\"4\"],\"columns[3].sort\":[\"4\"],\"columns[3].columnComment\":[\"0ï¼šåˆ é™¤ 1ï¼šå­˜åœ¨\"],\"columns[3].javaType\":[\"Integer\"],\"columns[3].javaField\":[\"status\"],\"columns[3].isEdit\":[\"1\"],\"columns[3].queryType\":[\"EQ\"],\"columns[3].isRequired\":[\"1\"],\"columns[3].htmlType\":[\"radio\"],\"columns[3].dictType\":[\"\"],\"columns[4].columnId\":[\"5\"],\"columns[4].sort\":[\"5\"],\"columns[4].columnComment\":[\"ä½œè€…\"],\"columns[4].javaType\":[\"Long\"],\"columns[4].javaField\":[\"userId\"],\"columns[4].isInsert\":[\"1\"],\"columns[4].queryType\":[\"EQ\"],\"columns[4].isRequired\":[\"1\"],\"columns[4].htmlType\":[\"input\"],\"columns[4].dictType\":[\"\"],\"columns[5].columnId\":[\"6\"],\"columns[5].sort\":[\"6\"],\"columns[5].columnComment\":[\"æ ‡é¢˜\"],\"columns[5].javaType\":[\"String\"],\"columns[5].javaField\":[\"title\"],\"columns[5].isInsert\":[\"1\"],\"columns[5].isEdit\":[\"1\"],\"columns[5].isList\":[\"1\"],\"columns[5].isQuery\":[\"1\"],\"columns[5].queryType\":[\"EQ\"],\"columns[5].isRequired\":[\"1\"],\"columns[5].htmlType\":[\"input\"],\"columns[5].dictType\":[\"\"],\"columns[6].columnId\":[\"7\"],\"columns[6].sort\":[\"7\"],\"columns[6].col',0,NULL,'2019-09-14 17:51:06'),
(135,'ä»£ç ç”Ÿæˆ',2,'com.ruoyi.project.tool.gen.controller.GenController.editSave()','POST',1,'admin','ç ”å‘éƒ¨é—¨','/tool/gen/edit','127.0.0.1','å†…ç½‘IP','{\"tableId\":[\"5\"],\"tableName\":[\"blog_tags\"],\"tableComment\":[\"æ ‡ç­¾è¡¨\"],\"className\":[\"Tags\"],\"functionAuthor\":[\"ruoyi\"],\"remark\":[\"\"],\"columns[0].columnId\":[\"36\"],\"columns[0].sort\":[\"1\"],\"columns[0].columnComment\":[\"ä¸»é”®\"],\"columns[0].javaType\":[\"Long\"],\"columns[0].javaField\":[\"id\"],\"columns[0].isInsert\":[\"1\"],\"columns[0].queryType\":[\"EQ\"],\"columns[0].htmlType\":[\"input\"],\"columns[0].dictType\":[\"\"],\"columns[1].columnId\":[\"37\"],\"columns[1].sort\":[\"2\"],\"columns[1].columnComment\":[\"åç§°\"],\"columns[1].javaType\":[\"String\"],\"columns[1].javaField\":[\"name\"],\"columns[1].isInsert\":[\"1\"],\"columns[1].isEdit\":[\"1\"],\"columns[1].isList\":[\"1\"],\"columns[1].isQuery\":[\"1\"],\"columns[1].queryType\":[\"LIKE\"],\"columns[1].isRequired\":[\"1\"],\"columns[1].htmlType\":[\"input\"],\"columns[1].dictType\":[\"\"],\"columns[2].columnId\":[\"38\"],\"columns[2].sort\":[\"3\"],\"columns[2].columnComment\":[\"0:åˆ é™¤ 1ï¼šå­˜åœ¨\"],\"columns[2].javaType\":[\"Integer\"],\"columns[2].javaField\":[\"status\"],\"columns[2].isEdit\":[\"1\"],\"columns[2].queryType\":[\"EQ\"],\"columns[2].htmlType\":[\"radio\"],\"columns[2].dictType\":[\"\"],\"tplCategory\":[\"crud\"],\"packageName\":[\"com.ruoyi.project.blog\"],\"moduleName\":[\"blog\"],\"businessName\":[\"tags\"],\"functionName\":[\"æ ‡ç­¾\"],\"params[treeCode]\":[\"\"],\"params[treeParentCode]\":[\"\"],\"params[treeName]\":[\"\"]}',0,NULL,'2019-09-14 17:51:42'),
(136,'ä»£ç ç”Ÿæˆ',8,'com.ruoyi.project.tool.gen.controller.GenController.batchGenCode()','GET',1,'admin','ç ”å‘éƒ¨é—¨','/tool/gen/batchGenCode','127.0.0.1','å†…ç½‘IP','{\"tables\":[\"blog_article,blog_article_comment,blog_classify,blog_message,blog_tags\"]}',0,NULL,'2019-09-14 17:51:56'),
(137,'ä»£ç ç”Ÿæˆ',8,'com.ruoyi.project.tool.gen.controller.GenController.batchGenCode()','GET',1,'admin','ç ”å‘éƒ¨é—¨','/tool/gen/batchGenCode','127.0.0.1','å†…ç½‘IP','{\"tables\":[\"blog_article,blog_article_comment,blog_classify,blog_message,blog_tags\"]}',0,NULL,'2019-09-14 17:52:10'),
(138,'æ–‡ç« åˆ†ç±»',1,'com.ruoyi.project.blog.classify.controller.ClassifyController.addSave()','POST',1,'admin','ç ”å‘éƒ¨é—¨','/blog/classify/add','127.0.0.1','å†…ç½‘IP','{\"name\":[\"å‰ç«¯\"]}',0,NULL,'2019-09-14 18:38:13'),
(139,'æ–‡ç« åˆ†ç±»',1,'com.ruoyi.project.blog.classify.controller.ClassifyController.addSave()','POST',1,'admin','ç ”å‘éƒ¨é—¨','/blog/classify/add','127.0.0.1','å†…ç½‘IP','{\"name\":[\"åç«¯\"]}',0,NULL,'2019-09-14 18:38:27'),
(140,'æ–‡ç« åˆ†ç±»',1,'com.ruoyi.project.blog.classify.controller.ClassifyController.addSave()','POST',1,'admin','ç ”å‘éƒ¨é—¨','/blog/classify/add','127.0.0.1','å†…ç½‘IP','{\"name\":[\"ç³»ç»Ÿ\"]}',0,NULL,'2019-09-14 18:51:56'),
(141,'æ ‡ç­¾',1,'com.ruoyi.project.blog.tags.controller.TagsController.addSave()','POST',1,'admin','ç ”å‘éƒ¨é—¨','/blog/tags/add','127.0.0.1','å†…ç½‘IP','{\"name\":[\"javascript\"],\"classifyId\":[\"1\"]}',1,'\r\n### Error updating database.  Cause: java.sql.SQLException: Field \'id\' doesn\'t have a default value\r\n### The error may involve com.ruoyi.project.blog.tags.mapper.TagsMapper.insertTags-Inline\r\n### The error occurred while setting parameters\r\n### SQL: insert into blog_tags          ( name )           values ( ? )\r\n### Cause: java.sql.SQLException: Field \'id\' doesn\'t have a default value\n; Field \'id\' doesn\'t have a default value; nested exception is java.sql.SQLException: Field \'id\' doesn\'t have a default value','2019-09-14 21:49:02'),
(142,'æ ‡ç­¾',1,'com.ruoyi.project.blog.tags.controller.TagsController.addSave()','POST',1,'admin','ç ”å‘éƒ¨é—¨','/blog/tags/add','127.0.0.1','å†…ç½‘IP','{\"name\":[\"javascript\"],\"classifyId\":[\"1\"]}',0,NULL,'2019-09-14 21:49:42'),
(143,'æ ‡ç­¾',2,'com.ruoyi.project.blog.tags.controller.TagsController.editSave()','POST',1,'admin','ç ”å‘éƒ¨é—¨','/blog/tags/edit','127.0.0.1','å†…ç½‘IP','{\"id\":[\"1\"],\"name\":[\"javascript\"],\"classifyId\":[\"2\"]}',1,'\r\n### Error updating database.  Cause: java.sql.SQLIntegrityConstraintViolationException: Column \'classifyId\' cannot be null\r\n### The error may involve com.ruoyi.project.blog.tags.mapper.TagsMapper.updateTags-Inline\r\n### The error occurred while setting parameters\r\n### SQL: update blog_tags          SET name = ?,                          classifyId = ?          where id = ?\r\n### Cause: java.sql.SQLIntegrityConstraintViolationException: Column \'classifyId\' cannot be null\n; Column \'classifyId\' cannot be null; nested exception is java.sql.SQLIntegrityConstraintViolationException: Column \'classifyId\' cannot be null','2019-09-15 00:54:06'),
(144,'æ ‡ç­¾',2,'com.ruoyi.project.blog.tags.controller.TagsController.editSave()','POST',1,'admin','ç ”å‘éƒ¨é—¨','/blog/tags/edit','127.0.0.1','å†…ç½‘IP','{\"id\":[\"1\"],\"name\":[\"javascript\"],\"classifyId\":[\"2\"]}',1,'\r\n### Error updating database.  Cause: java.sql.SQLIntegrityConstraintViolationException: Column \'classifyId\' cannot be null\r\n### The error may involve com.ruoyi.project.blog.tags.mapper.TagsMapper.updateTags-Inline\r\n### The error occurred while setting parameters\r\n### SQL: update blog_tags          SET name = ?,                          classifyId = ?          where id = ?\r\n### Cause: java.sql.SQLIntegrityConstraintViolationException: Column \'classifyId\' cannot be null\n; Column \'classifyId\' cannot be null; nested exception is java.sql.SQLIntegrityConstraintViolationException: Column \'classifyId\' cannot be null','2019-09-15 00:55:25'),
(145,'æ ‡ç­¾',2,'com.ruoyi.project.blog.tags.controller.TagsController.editSave()','POST',1,'admin','ç ”å‘éƒ¨é—¨','/blog/tags/edit','127.0.0.1','å†…ç½‘IP','{\"id\":[\"1\"],\"name\":[\"javascript\"],\"classifyId\":[\"2\"]}',1,'\r\n### Error updating database.  Cause: java.sql.SQLIntegrityConstraintViolationException: Column \'classifyId\' cannot be null\r\n### The error may involve com.ruoyi.project.blog.tags.mapper.TagsMapper.updateTags-Inline\r\n### The error occurred while setting parameters\r\n### SQL: update blog_tags          SET name = ?,                          classifyId = ?          where id = ?\r\n### Cause: java.sql.SQLIntegrityConstraintViolationException: Column \'classifyId\' cannot be null\n; Column \'classifyId\' cannot be null; nested exception is java.sql.SQLIntegrityConstraintViolationException: Column \'classifyId\' cannot be null','2019-09-15 00:57:49'),
(146,'æ ‡ç­¾',2,'com.ruoyi.project.blog.tags.controller.TagsController.editSave()','POST',1,'admin',NULL,'/blog/tags/edit','127.0.0.1','å†…ç½‘IP','{\"id\":[\"1\"],\"name\":[\"javascript\"],\"classifyId\":[\"2\"]}',0,NULL,'2019-09-15 00:58:12'),
(147,'æ ‡ç­¾',2,'com.ruoyi.project.blog.tags.controller.TagsController.editSave()','POST',1,'admin',NULL,'/blog/tags/edit','127.0.0.1','å†…ç½‘IP','{\"id\":[\"1\"],\"name\":[\"javascript\"],\"classifyId\":[\"1\"]}',0,NULL,'2019-09-15 00:58:20'),
(148,'åšå®¢æ–‡ç« ',1,'com.ruoyi.project.blog.article.controller.ArticleController.addSave()','POST',1,'admin','ç ”å‘éƒ¨é—¨','/blog/article/add','127.0.0.1','å†…ç½‘IP','{\"title\":[\"test\"],\"description\":[\"rewrwq\"],\"img\":[\"sadfasfsdfasf\"],\"classifyId\":[\"1\"],\"tagIds\":[\"1\"],\"test-editormd-markdown-doc\":[\"#ä½ å¥½å•Š æ˜å¤©å°±å›å®¶\"],\"content\":[\"#ä½ å¥½å•Š æ˜å¤©å°±å›å®¶\"]}',1,'\r\n### Error updating database.  Cause: java.sql.SQLException: Field \'userId\' doesn\'t have a default value\r\n### The error may involve com.ruoyi.project.blog.article.mapper.ArticleMapper.insertArticle-Inline\r\n### The error occurred while setting parameters\r\n### SQL: insert into blog_article          ( createTime,                                                    title,             description,             content,             img,             classifyId,                                                    tagIds )           values ( ?,                                                    ?,             ?,             ?,             ?,             ?,                                                    ? )\r\n### Cause: java.sql.SQLException: Field \'userId\' doesn\'t have a default value\n; Field \'userId\' doesn\'t have a default value; nested exception is java.sql.SQLException: Field \'userId\' doesn\'t have a default value','2019-09-20 20:11:03'),
(149,'åšå®¢æ–‡ç« ',1,'com.ruoyi.project.blog.article.controller.ArticleController.addSave()','POST',1,'admin','ç ”å‘éƒ¨é—¨','/blog/article/add','127.0.0.1','å†…ç½‘IP','{\"title\":[\"test\"],\"description\":[\"rewrwq\"],\"img\":[\"sadfasfsdfasf\"],\"classifyId\":[\"1\"],\"tagIds\":[\"1\"],\"test-editormd-markdown-doc\":[\"#ä½ å¥½å•Š æ˜å¤©å°±å›å®¶\"],\"content\":[\"#ä½ å¥½å•Š æ˜å¤©å°±å›å®¶\"]}',1,'\r\n### Error updating database.  Cause: java.sql.SQLException: Field \'userId\' doesn\'t have a default value\r\n### The error may involve com.ruoyi.project.blog.article.mapper.ArticleMapper.insertArticle-Inline\r\n### The error occurred while setting parameters\r\n### SQL: insert into blog_article          ( createTime,                                                    title,             description,             content,             img,             classifyId,                                                    tagIds )           values ( ?,                                                    ?,             ?,             ?,             ?,             ?,                                                    ? )\r\n### Cause: java.sql.SQLException: Field \'userId\' doesn\'t have a default value\n; Field \'userId\' doesn\'t have a default value; nested exception is java.sql.SQLException: Field \'userId\' doesn\'t have a default value','2019-09-20 20:26:55'),
(150,'åšå®¢æ–‡ç« ',1,'com.ruoyi.project.blog.article.controller.ArticleController.addSave()','POST',1,'admin',NULL,'/blog/article/add','127.0.0.1','å†…ç½‘IP','{\"title\":[\"test\"],\"description\":[\"rewrwq\"],\"img\":[\"sadfasfsdfasf\"],\"classifyId\":[\"1\"],\"tagIds\":[\"1\"],\"test-editormd-markdown-doc\":[\"#ä½ å¥½å•Š æ˜å¤©å°±å›å®¶\"],\"content\":[\"#ä½ å¥½å•Š æ˜å¤©å°±å›å®¶\"]}',0,NULL,'2019-09-20 20:28:38'),
(151,'åšå®¢æ–‡ç« ',1,'com.ruoyi.project.blog.article.controller.ArticleController.addSave()','POST',1,'admin',NULL,'/blog/article/add','127.0.0.1','å†…ç½‘IP','{\"title\":[\"test\"],\"description\":[\"1231\"],\"img\":[\"asdfsadfsad\"],\"classifyId\":[\"1\"],\"tagIds\":[\"1\"],\"test-editormd-markdown-doc\":[\"# ä½ å¥½å•Šï¼Œè¿™æ˜¯ç¬¬ä¸€ç¯‡æ–‡ç« \"],\"content\":[\"# ä½ å¥½å•Šï¼Œè¿™æ˜¯ç¬¬ä¸€ç¯‡æ–‡ç« \"]}',0,NULL,'2019-09-20 20:31:30'),
(152,'ä»£ç ç”Ÿæˆ',6,'com.ruoyi.project.tool.gen.controller.GenController.importTableSave()','POST',1,'admin','ç ”å‘éƒ¨é—¨','/tool/gen/importTable','127.0.0.1','å†…ç½‘IP','{\"tables\":[\"sys_file_info\"]}',0,NULL,'2019-09-20 23:13:19'),
(153,'ä»£ç ç”Ÿæˆ',2,'com.ruoyi.project.tool.gen.controller.GenController.editSave()','POST',1,'admin','ç ”å‘éƒ¨é—¨','/tool/gen/edit','127.0.0.1','å†…ç½‘IP','{\"tableId\":[\"6\"],\"tableName\":[\"sys_file_info\"],\"tableComment\":[\"æ–‡ä»¶è¡¨\"],\"className\":[\"FileInfo\"],\"functionAuthor\":[\"ruoyi\"],\"remark\":[\"\"],\"columns[0].columnId\":[\"39\"],\"columns[0].sort\":[\"1\"],\"columns[0].columnComment\":[\"id\"],\"columns[0].javaType\":[\"Long\"],\"columns[0].javaField\":[\"id\"],\"columns[0].isInsert\":[\"1\"],\"columns[0].queryType\":[\"EQ\"],\"columns[0].htmlType\":[\"input\"],\"columns[0].dictType\":[\"\"],\"columns[1].columnId\":[\"40\"],\"columns[1].sort\":[\"2\"],\"columns[1].columnComment\":[\"åˆ›å»ºæ—¶é—´\"],\"columns[1].javaType\":[\"Date\"],\"columns[1].javaField\":[\"createTime\"],\"columns[1].isInsert\":[\"1\"],\"columns[1].isEdit\":[\"1\"],\"columns[1].isList\":[\"1\"],\"columns[1].isQuery\":[\"1\"],\"columns[1].queryType\":[\"EQ\"],\"columns[1].htmlType\":[\"datetime\"],\"columns[1].dictType\":[\"\"],\"columns[2].columnId\":[\"41\"],\"columns[2].sort\":[\"3\"],\"columns[2].columnComment\":[\"æ–‡ä»¶åç§°\"],\"columns[2].javaType\":[\"String\"],\"columns[2].javaField\":[\"name\"],\"columns[2].isInsert\":[\"1\"],\"columns[2].isEdit\":[\"1\"],\"columns[2].isList\":[\"1\"],\"columns[2].isQuery\":[\"1\"],\"columns[2].queryType\":[\"LIKE\"],\"columns[2].htmlType\":[\"input\"],\"columns[2].dictType\":[\"\"],\"columns[3].columnId\":[\"42\"],\"columns[3].sort\":[\"4\"],\"columns[3].columnComment\":[\"ç»å¯¹è·¯å¾„\"],\"columns[3].javaType\":[\"String\"],\"columns[3].javaField\":[\"abPath\"],\"columns[3].isInsert\":[\"1\"],\"columns[3].isEdit\":[\"1\"],\"columns[3].isList\":[\"1\"],\"columns[3].isQuery\":[\"1\"],\"columns[3].queryType\":[\"EQ\"],\"columns[3].htmlType\":[\"input\"],\"columns[3].dictType\":[\"\"],\"columns[4].columnId\":[\"43\"],\"columns[4].sort\":[\"5\"],\"columns[4].columnComment\":[\"ç›¸å¯¹è·¯å¾„\"],\"columns[4].javaType\":[\"String\"],\"columns[4].javaField\":[\"rtPath\"],\"columns[4].isInsert\":[\"1\"],\"columns[4].isEdit\":[\"1\"],\"columns[4].isList\":[\"1\"],\"columns[4].isQuery\":[\"1\"],\"columns[4].queryType\":[\"EQ\"],\"columns[4].htmlType\":[\"input\"],\"columns[4].dictType\":[\"\"],\"columns[5].columnId\":[\"44\"],\"columns[5].sort\":[\"6\"],\"columns[5].columnComment\":[\"ç½‘ç»œåœ°å€\"],\"columns[5].javaType\":[\"String\"],\"columns[5].javaField\":[\"url\"],\"columns[5].isInsert\":[\"1\"],\"colu',0,NULL,'2019-09-20 23:14:12'),
(154,'ä»£ç ç”Ÿæˆ',2,'com.ruoyi.project.tool.gen.controller.GenController.editSave()','POST',1,'admin','ç ”å‘éƒ¨é—¨','/tool/gen/edit','127.0.0.1','å†…ç½‘IP','{\"tableId\":[\"6\"],\"tableName\":[\"sys_file_info\"],\"tableComment\":[\"æ–‡ä»¶è¡¨\"],\"className\":[\"FileInfo\"],\"functionAuthor\":[\"ruoyi\"],\"remark\":[\"\"],\"columns[0].columnId\":[\"39\"],\"columns[0].sort\":[\"1\"],\"columns[0].columnComment\":[\"id\"],\"columns[0].javaType\":[\"Long\"],\"columns[0].javaField\":[\"id\"],\"columns[0].isInsert\":[\"1\"],\"columns[0].queryType\":[\"EQ\"],\"columns[0].htmlType\":[\"input\"],\"columns[0].dictType\":[\"\"],\"columns[1].columnId\":[\"40\"],\"columns[1].sort\":[\"2\"],\"columns[1].columnComment\":[\"åˆ›å»ºæ—¶é—´\"],\"columns[1].javaType\":[\"Date\"],\"columns[1].javaField\":[\"createTime\"],\"columns[1].isInsert\":[\"1\"],\"columns[1].isEdit\":[\"1\"],\"columns[1].isList\":[\"1\"],\"columns[1].isQuery\":[\"1\"],\"columns[1].queryType\":[\"EQ\"],\"columns[1].htmlType\":[\"datetime\"],\"columns[1].dictType\":[\"\"],\"columns[2].columnId\":[\"41\"],\"columns[2].sort\":[\"3\"],\"columns[2].columnComment\":[\"æ–‡ä»¶åç§°\"],\"columns[2].javaType\":[\"String\"],\"columns[2].javaField\":[\"name\"],\"columns[2].isInsert\":[\"1\"],\"columns[2].isEdit\":[\"1\"],\"columns[2].isList\":[\"1\"],\"columns[2].isQuery\":[\"1\"],\"columns[2].queryType\":[\"LIKE\"],\"columns[2].htmlType\":[\"input\"],\"columns[2].dictType\":[\"\"],\"columns[3].columnId\":[\"42\"],\"columns[3].sort\":[\"4\"],\"columns[3].columnComment\":[\"ç»å¯¹è·¯å¾„\"],\"columns[3].javaType\":[\"String\"],\"columns[3].javaField\":[\"abPath\"],\"columns[3].isInsert\":[\"1\"],\"columns[3].isEdit\":[\"1\"],\"columns[3].isList\":[\"1\"],\"columns[3].isQuery\":[\"1\"],\"columns[3].queryType\":[\"EQ\"],\"columns[3].htmlType\":[\"input\"],\"columns[3].dictType\":[\"\"],\"columns[4].columnId\":[\"43\"],\"columns[4].sort\":[\"5\"],\"columns[4].columnComment\":[\"ç›¸å¯¹è·¯å¾„\"],\"columns[4].javaType\":[\"String\"],\"columns[4].javaField\":[\"rtPath\"],\"columns[4].isInsert\":[\"1\"],\"columns[4].isEdit\":[\"1\"],\"columns[4].isList\":[\"1\"],\"columns[4].isQuery\":[\"1\"],\"columns[4].queryType\":[\"EQ\"],\"columns[4].htmlType\":[\"input\"],\"columns[4].dictType\":[\"\"],\"columns[5].columnId\":[\"44\"],\"columns[5].sort\":[\"6\"],\"columns[5].columnComment\":[\"ç½‘ç»œåœ°å€\"],\"columns[5].javaType\":[\"String\"],\"columns[5].javaField\":[\"url\"],\"columns[5].isInsert\":[\"1\"],\"colu',0,NULL,'2019-09-20 23:14:31'),
(155,'ä»£ç ç”Ÿæˆ',8,'com.ruoyi.project.tool.gen.controller.GenController.batchGenCode()','GET',1,'admin','ç ”å‘éƒ¨é—¨','/tool/gen/batchGenCode','127.0.0.1','å†…ç½‘IP','{\"tables\":[\"sys_file_info\"]}',0,NULL,'2019-09-20 23:14:40'),
(156,'ä¸ªäººä¿¡æ¯',2,'com.ruoyi.project.system.user.controller.ProfileController.updateAvatar()','POST',1,'admin','ç ”å‘éƒ¨é—¨','/system/user/profile/updateAvatar','127.0.0.1','å†…ç½‘IP','{}',0,NULL,'2019-09-21 00:11:30'),
(157,'åšå®¢æ–‡ç« ',1,'com.ruoyi.project.blog.article.controller.ArticleController.addSave()','POST',1,'admin','ç ”å‘éƒ¨é—¨','/blog/article/add','127.0.0.1','å†…ç½‘IP','{\"fileId\":[\"56575_1.jpg\"],\"initialPreview\":[\"[\\\"/img/profile.jpg\\\"]\"],\"initialPreviewConfig\":[\"[{\\\"type\\\":\\\"image\\\"}]\"],\"initialPreviewThumbTags\":[\"[]\"]}',1,'\r\n### Error updating database.  Cause: java.sql.SQLException: Field \'classifyId\' doesn\'t have a default value\r\n### The error may involve com.ruoyi.project.blog.article.mapper.ArticleMapper.insertArticle-Inline\r\n### The error occurred while setting parameters\r\n### SQL: insert into blog_article          ( createTime,                                       userId )           values ( ?,                                       ? )\r\n### Cause: java.sql.SQLException: Field \'classifyId\' doesn\'t have a default value\n; Field \'classifyId\' doesn\'t have a default value; nested exception is java.sql.SQLException: Field \'classifyId\' doesn\'t have a default value','2019-09-21 11:07:00'),
(158,'åšå®¢æ–‡ç« ',1,'com.ruoyi.project.blog.article.controller.ArticleController.addSave()','POST',1,'admin',NULL,'/blog/article/add','127.0.0.1','å†…ç½‘IP','{\"title\":[\"test2\"],\"description\":[\"test2\"],\"classifyId\":[\"2\"],\"tagIds\":[\"1\"],\"test-editormd-markdown-doc\":[\"# test02\"],\"content\":[\"# test02\"]}',1,'','2019-09-21 11:23:02'),
(159,'åšå®¢æ–‡ç« ',1,'com.ruoyi.project.blog.article.controller.ArticleController.addSave()','POST',1,'admin',NULL,'/blog/article/add','127.0.0.1','å†…ç½‘IP','{\"title\":[\"ces\"],\"description\":[\"1231\"],\"classifyId\":[\"1\"],\"tagIds\":[\"1\"],\"test-editormd-markdown-doc\":[\"uhoijh\"],\"content\":[\"uhoijh\"]}',1,'','2019-09-21 11:39:51'),
(160,'åšå®¢æ–‡ç« ',1,'com.ruoyi.project.blog.article.controller.ArticleController.addSave()','POST',1,'admin','ç ”å‘éƒ¨é—¨','/blog/article/add','127.0.0.1','å†…ç½‘IP','{\"title\":[\"ces\"],\"description\":[\"1231\"],\"classifyId\":[\"1\"],\"tagIds\":[\"1\"],\"test-editormd-markdown-doc\":[\"dsfsadsad\"],\"content\":[\"dsfsadsad\"]}',0,NULL,'2019-09-21 12:01:47'),
(161,'åšå®¢æ–‡ç« ',2,'com.ruoyi.project.blog.article.controller.ArticleController.editSave()','POST',1,'admin','ç ”å‘éƒ¨é—¨','/blog/article/edit','127.0.0.1','å†…ç½‘IP','{\"content\":[\"dsfsadsad\"]}',1,'','2019-09-21 14:11:00'),
(162,'åšå®¢æ–‡ç« ',2,'com.ruoyi.project.blog.article.controller.ArticleController.editSave()','POST',1,'admin','ç ”å‘éƒ¨é—¨','/blog/article/edit','127.0.0.1','å†…ç½‘IP','{\"content\":[\"dsfsadsad\"]}',0,NULL,'2019-09-21 14:13:57'),
(163,'åšå®¢æ–‡ç« ',2,'com.ruoyi.project.blog.article.controller.ArticleController.editSave()','POST',1,'admin','ç ”å‘éƒ¨é—¨','/blog/article/edit','127.0.0.1','å†…ç½‘IP','{\"content\":[\"dsfsadsad\"]}',0,NULL,'2019-09-21 14:15:56'),
(164,'åšå®¢æ–‡ç« ',2,'com.ruoyi.project.blog.article.controller.ArticleController.editSave()','POST',1,'admin','ç ”å‘éƒ¨é—¨','/blog/article/edit','127.0.0.1','å†…ç½‘IP','{\"id\":[\"3\"],\"title\":[\"ces\"],\"description\":[\"1231\"],\"classifyId\":[\"1\"],\"tagIds\":[\"1\"],\"test-editormd-markdown-doc\":[\"dsfsadsad\"],\"content\":[\"dsfsadsad\"]}',0,NULL,'2019-09-21 14:17:02'),
(165,'åšå®¢æ–‡ç« ',2,'com.ruoyi.project.blog.article.controller.ArticleController.editSave()','POST',1,'admin','ç ”å‘éƒ¨é—¨','/blog/article/edit','127.0.0.1','å†…ç½‘IP','{\"id\":[\"3\"],\"title\":[\"ces\"],\"description\":[\"1231\"],\"classifyId\":[\"1\"],\"tagIds\":[\"1\"],\"test-editormd-markdown-doc\":[\"dsfsadsad\"],\"content\":[\"dsfsadsad\"]}',0,NULL,'2019-09-21 14:21:00'),
(166,'åšå®¢æ–‡ç« ',2,'com.ruoyi.project.blog.article.controller.ArticleController.editSave()','POST',1,'admin','ç ”å‘éƒ¨é—¨','/blog/article/edit','127.0.0.1','å†…ç½‘IP','{\"id\":[\"3\"],\"title\":[\"ces\"],\"description\":[\"1231\"],\"classifyId\":[\"1\"],\"tagIds\":[\"1\"],\"test-editormd-markdown-doc\":[\"dsfsadsad\"],\"content\":[\"dsfsadsad\"]}',0,NULL,'2019-09-21 14:24:37'),
(167,'åšå®¢æ–‡ç« ',3,'com.ruoyi.project.blog.article.controller.ArticleController.remove()','POST',1,'admin','ç ”å‘éƒ¨é—¨','/blog/article/remove','127.0.0.1','å†…ç½‘IP','{\"ids\":[\"3\"]}',0,NULL,'2019-09-23 23:23:52'),
(168,'åšå®¢æ–‡ç« ',3,'com.ruoyi.project.blog.article.controller.ArticleController.remove()','POST',1,'admin','ç ”å‘éƒ¨é—¨','/blog/article/remove','127.0.0.1','å†…ç½‘IP','{\"ids\":[\"2\"]}',0,NULL,'2019-09-23 23:23:55'),
(169,'åšå®¢æ–‡ç« ',3,'com.ruoyi.project.blog.article.controller.ArticleController.remove()','POST',1,'admin','ç ”å‘éƒ¨é—¨','/blog/article/remove','127.0.0.1','å†…ç½‘IP','{\"ids\":[\"1\"]}',0,NULL,'2019-09-23 23:23:57'),
(170,'åšå®¢æ–‡ç« ',1,'com.ruoyi.project.blog.article.controller.ArticleController.addSave()','POST',1,'admin','ç ”å‘éƒ¨é—¨','/blog/article/add','127.0.0.1','å†…ç½‘IP','{\"title\":[\"test\"],\"description\":[\"1\"],\"classifyId\":[\"1\"],\"tagIds\":[\"1\"],\"test-editormd-markdown-doc\":[\"# ä½ å¥½ï¼Œè¿™æ˜¯ä¸€ç¯‡æµ‹è¯•æ–‡ç« \\r\\n![](http://localhost/profile/blog/2019/09/23/80b63404dcbb8d49279d060841307b57.PNG)\"],\"content\":[\"# ä½ å¥½ï¼Œè¿™æ˜¯ä¸€ç¯‡æµ‹è¯•æ–‡ç« \\n![](http://localhost/profile/blog/2019/09/23/80b63404dcbb8d49279d060841307b57.PNG)\"]}',0,NULL,'2019-09-23 23:24:30'),
(171,'åšå®¢æ–‡ç« ',2,'com.ruoyi.project.blog.article.controller.ArticleController.editSave()','POST',1,'admin','ç ”å‘éƒ¨é—¨','/blog/article/edit','127.0.0.1','å†…ç½‘IP','{\"id\":[\"4\"],\"title\":[\"test\"],\"description\":[\"1\"],\"classifyId\":[\"1\"],\"tagIds\":[\"1\"],\"test-editormd-markdown-doc\":[\"# ä½ å¥½ï¼Œè¿™æ˜¯ä¸€ç¯‡æµ‹è¯•æ–‡ç« \\r\\n![](http://localhost/profile/blog/2019/09/23/80b63404dcbb8d49279d060841307b57.PNG)\\r\\n![](http://localhost/profile/blog/2019/09/23/379a28ca7c15f6ae39e9040dd8ef207c.PNG)\"],\"content\":[\"# ä½ å¥½ï¼Œè¿™æ˜¯ä¸€ç¯‡æµ‹è¯•æ–‡ç« \\n![](http://localhost/profile/blog/2019/09/23/80b63404dcbb8d49279d060841307b57.PNG)\\n![](http://localhost/profile/blog/2019/09/23/379a28ca7c15f6ae39e9040dd8ef207c.PNG)\"]}',0,NULL,'2019-09-23 23:40:13'),
(172,'æ ‡ç­¾',1,'com.ruoyi.project.blog.tags.controller.TagsController.addSave()','POST',1,'admin','ç ”å‘éƒ¨é—¨','/blog/tags/add','127.0.0.1','å†…ç½‘IP','{\"name\":[\"vue\"],\"classifyId\":[\"1\"]}',0,NULL,'2019-09-24 23:48:53'),
(173,'åšå®¢æ–‡ç« ',1,'com.ruoyi.project.blog.article.controller.ArticleController.addSave()','POST',1,'admin','ç ”å‘éƒ¨é—¨','/blog/article/add','127.0.0.1','å†…ç½‘IP','{\"title\":[\"testtags\"],\"description\":[\"testtags\"],\"classifyId\":[\"1\"],\"tagIds\":[\"1\",\"2\"],\"test-editormd-markdown-doc\":[\"ces\"],\"content\":[\"ces\"],\"tags\":[\"javascriptvue\"]}',0,NULL,'2019-09-24 23:49:19'),
(174,'åšå®¢æ–‡ç« ',2,'com.ruoyi.project.blog.article.controller.ArticleController.editSave()','POST',1,'admin','ç ”å‘éƒ¨é—¨','/blog/article/edit','127.0.0.1','å†…ç½‘IP','{\"id\":[\"5\"],\"title\":[\"testtags\"],\"description\":[\"testtags\"],\"classifyId\":[\"1\"],\"tagIds\":[\"1\",\"2\"],\"test-editormd-markdown-doc\":[\"ces\"],\"content\":[\"ces\"],\"tags\":[\"\"]}',0,NULL,'2019-09-24 23:55:40'),
(175,'åšå®¢æ–‡ç« ',2,'com.ruoyi.project.blog.article.controller.ArticleController.editSave()','POST',1,'admin','ç ”å‘éƒ¨é—¨','/blog/article/edit','127.0.0.1','å†…ç½‘IP','{\"id\":[\"5\"],\"title\":[\"testtags\"],\"description\":[\"testtags\"],\"classifyId\":[\"1\"],\"tagIds\":[\"1\",\"2\"],\"test-editormd-markdown-doc\":[\"ces\"],\"content\":[\"ces\"],\"tags\":[\"javascript,vue\"]}',0,NULL,'2019-09-24 23:57:13'),
(176,'åšå®¢æ–‡ç« ',2,'com.ruoyi.project.blog.article.controller.ArticleController.editSave()','POST',1,'admin','ç ”å‘éƒ¨é—¨','/blog/article/edit','127.0.0.1','å†…ç½‘IP','{\"id\":[\"5\"],\"title\":[\"testtags\"],\"description\":[\"testtags\"],\"classifyId\":[\"1\"],\"tagIds\":[\"2\"],\"test-editormd-markdown-doc\":[\"ces\"],\"content\":[\"ces\"],\"tags\":[\"vue\"]}',0,NULL,'2019-09-25 00:04:39'),
(177,'ä»£ç ç”Ÿæˆ',6,'com.ruoyi.project.tool.gen.controller.GenController.importTableSave()','POST',1,'admin','ç ”å‘éƒ¨é—¨','/tool/gen/importTable','127.0.0.1','å†…ç½‘IP','{\"tables\":[\"blog_banner,blog_link\"]}',0,NULL,'2019-09-26 00:22:24'),
(178,'ä»£ç ç”Ÿæˆ',2,'com.ruoyi.project.tool.gen.controller.GenController.editSave()','POST',1,'admin','ç ”å‘éƒ¨é—¨','/tool/gen/edit','127.0.0.1','å†…ç½‘IP','{\"tableId\":[\"7\"],\"tableName\":[\"blog_banner\"],\"tableComment\":[\"bannerå›¾\"],\"className\":[\"Banner\"],\"functionAuthor\":[\"ruoyi\"],\"remark\":[\"\"],\"columns[0].columnId\":[\"45\"],\"columns[0].sort\":[\"1\"],\"columns[0].columnComment\":[\"ä¸»é”®\"],\"columns[0].javaType\":[\"Long\"],\"columns[0].javaField\":[\"id\"],\"columns[0].isInsert\":[\"1\"],\"columns[0].queryType\":[\"EQ\"],\"columns[0].htmlType\":[\"input\"],\"columns[0].dictType\":[\"\"],\"columns[1].columnId\":[\"46\"],\"columns[1].sort\":[\"2\"],\"columns[1].columnComment\":[\"å›¾ç‰‡åœ°å€\"],\"columns[1].javaType\":[\"String\"],\"columns[1].javaField\":[\"url\"],\"columns[1].isInsert\":[\"1\"],\"columns[1].isEdit\":[\"1\"],\"columns[1].isList\":[\"1\"],\"columns[1].isQuery\":[\"1\"],\"columns[1].queryType\":[\"EQ\"],\"columns[1].isRequired\":[\"1\"],\"columns[1].htmlType\":[\"input\"],\"columns[1].dictType\":[\"\"],\"columns[2].columnId\":[\"47\"],\"columns[2].sort\":[\"3\"],\"columns[2].columnComment\":[\"æè¿°\"],\"columns[2].javaType\":[\"String\"],\"columns[2].javaField\":[\"description\"],\"columns[2].isInsert\":[\"1\"],\"columns[2].isEdit\":[\"1\"],\"columns[2].isList\":[\"1\"],\"columns[2].isQuery\":[\"1\"],\"columns[2].queryType\":[\"EQ\"],\"columns[2].htmlType\":[\"input\"],\"columns[2].dictType\":[\"\"],\"columns[3].columnId\":[\"48\"],\"columns[3].sort\":[\"4\"],\"columns[3].columnComment\":[\"ç±»å‹ï¼šè‡ªå®šä¹‰ã€‚è‡ªå·±æ ¹æ®ç”¨é€”\"],\"columns[3].javaType\":[\"String\"],\"columns[3].javaField\":[\"type\"],\"columns[3].isInsert\":[\"1\"],\"columns[3].isEdit\":[\"1\"],\"columns[3].isList\":[\"1\"],\"columns[3].isQuery\":[\"1\"],\"columns[3].queryType\":[\"EQ\"],\"columns[3].isRequired\":[\"1\"],\"columns[3].htmlType\":[\"select\"],\"columns[3].dictType\":[\"\"],\"tplCategory\":[\"crud\"],\"packageName\":[\"com.ruoyi.project.system\"],\"moduleName\":[\"system\"],\"businessName\":[\"banner\"],\"functionName\":[\"bannerå›¾\"],\"params[treeCode]\":[\"\"],\"params[treeParentCode]\":[\"\"],\"params[treeName]\":[\"\"]}',0,NULL,'2019-09-26 00:23:09'),
(179,'ä»£ç ç”Ÿæˆ',8,'com.ruoyi.project.tool.gen.controller.GenController.batchGenCode()','GET',1,'admin','ç ”å‘éƒ¨é—¨','/tool/gen/batchGenCode','127.0.0.1','å†…ç½‘IP','{\"tables\":[\"blog_banner,blog_link\"]}',0,NULL,'2019-09-26 00:23:34'),
(180,'ä»£ç ç”Ÿæˆ',2,'com.ruoyi.project.tool.gen.controller.GenController.editSave()','POST',1,'admin','ç ”å‘éƒ¨é—¨','/tool/gen/edit','127.0.0.1','å†…ç½‘IP','{\"tableId\":[\"7\"],\"tableName\":[\"blog_banner\"],\"tableComment\":[\"bannerå›¾\"],\"className\":[\"Banner\"],\"functionAuthor\":[\"ruoyi\"],\"remark\":[\"\"],\"columns[0].columnId\":[\"45\"],\"columns[0].sort\":[\"1\"],\"columns[0].columnComment\":[\"ä¸»é”®\"],\"columns[0].javaType\":[\"Long\"],\"columns[0].javaField\":[\"id\"],\"columns[0].isInsert\":[\"1\"],\"columns[0].queryType\":[\"EQ\"],\"columns[0].htmlType\":[\"input\"],\"columns[0].dictType\":[\"\"],\"columns[1].columnId\":[\"46\"],\"columns[1].sort\":[\"2\"],\"columns[1].columnComment\":[\"å›¾ç‰‡åœ°å€\"],\"columns[1].javaType\":[\"String\"],\"columns[1].javaField\":[\"url\"],\"columns[1].isInsert\":[\"1\"],\"columns[1].isEdit\":[\"1\"],\"columns[1].isList\":[\"1\"],\"columns[1].isQuery\":[\"1\"],\"columns[1].queryType\":[\"EQ\"],\"columns[1].isRequired\":[\"1\"],\"columns[1].htmlType\":[\"input\"],\"columns[1].dictType\":[\"\"],\"columns[2].columnId\":[\"47\"],\"columns[2].sort\":[\"3\"],\"columns[2].columnComment\":[\"æè¿°\"],\"columns[2].javaType\":[\"String\"],\"columns[2].javaField\":[\"description\"],\"columns[2].isInsert\":[\"1\"],\"columns[2].isEdit\":[\"1\"],\"columns[2].isList\":[\"1\"],\"columns[2].isQuery\":[\"1\"],\"columns[2].queryType\":[\"EQ\"],\"columns[2].htmlType\":[\"input\"],\"columns[2].dictType\":[\"\"],\"columns[3].columnId\":[\"48\"],\"columns[3].sort\":[\"4\"],\"columns[3].columnComment\":[\"ç±»å‹ï¼šè‡ªå®šä¹‰ã€‚è‡ªå·±æ ¹æ®ç”¨é€”\"],\"columns[3].javaType\":[\"String\"],\"columns[3].javaField\":[\"type\"],\"columns[3].isInsert\":[\"1\"],\"columns[3].isEdit\":[\"1\"],\"columns[3].isList\":[\"1\"],\"columns[3].isQuery\":[\"1\"],\"columns[3].queryType\":[\"EQ\"],\"columns[3].isRequired\":[\"1\"],\"columns[3].htmlType\":[\"select\"],\"columns[3].dictType\":[\"\"],\"tplCategory\":[\"crud\"],\"packageName\":[\"com.ruoyi.project.blog\"],\"moduleName\":[\"blog\"],\"businessName\":[\"banner\"],\"functionName\":[\"bannerå›¾\"],\"params[treeCode]\":[\"\"],\"params[treeParentCode]\":[\"\"],\"params[treeName]\":[\"\"]}',0,NULL,'2019-09-26 00:27:19'),
(181,'ä»£ç ç”Ÿæˆ',2,'com.ruoyi.project.tool.gen.controller.GenController.editSave()','POST',1,'admin','ç ”å‘éƒ¨é—¨','/tool/gen/edit','127.0.0.1','å†…ç½‘IP','{\"tableId\":[\"8\"],\"tableName\":[\"blog_link\"],\"tableComment\":[\"å‹é“¾\"],\"className\":[\"Link\"],\"functionAuthor\":[\"ruoyi\"],\"remark\":[\"\"],\"columns[0].columnId\":[\"49\"],\"columns[0].sort\":[\"1\"],\"columns[0].columnComment\":[\"ä¸»é”®\"],\"columns[0].javaType\":[\"Long\"],\"columns[0].javaField\":[\"id\"],\"columns[0].isInsert\":[\"1\"],\"columns[0].queryType\":[\"EQ\"],\"columns[0].htmlType\":[\"input\"],\"columns[0].dictType\":[\"\"],\"columns[1].columnId\":[\"50\"],\"columns[1].sort\":[\"2\"],\"columns[1].columnComment\":[\"åç§°\"],\"columns[1].javaType\":[\"String\"],\"columns[1].javaField\":[\"name\"],\"columns[1].isInsert\":[\"1\"],\"columns[1].isEdit\":[\"1\"],\"columns[1].isList\":[\"1\"],\"columns[1].isQuery\":[\"1\"],\"columns[1].queryType\":[\"LIKE\"],\"columns[1].isRequired\":[\"1\"],\"columns[1].htmlType\":[\"input\"],\"columns[1].dictType\":[\"\"],\"columns[2].columnId\":[\"51\"],\"columns[2].sort\":[\"3\"],\"columns[2].columnComment\":[\"å‹é“¾åœ°å€\"],\"columns[2].javaType\":[\"String\"],\"columns[2].javaField\":[\"url\"],\"columns[2].isInsert\":[\"1\"],\"columns[2].isEdit\":[\"1\"],\"columns[2].isList\":[\"1\"],\"columns[2].isQuery\":[\"1\"],\"columns[2].queryType\":[\"EQ\"],\"columns[2].isRequired\":[\"1\"],\"columns[2].htmlType\":[\"textarea\"],\"columns[2].dictType\":[\"\"],\"columns[3].columnId\":[\"52\"],\"columns[3].sort\":[\"4\"],\"columns[3].columnComment\":[\"å¤´åƒåœ°å€\"],\"columns[3].javaType\":[\"String\"],\"columns[3].javaField\":[\"avatar\"],\"columns[3].isInsert\":[\"1\"],\"columns[3].isEdit\":[\"1\"],\"columns[3].isList\":[\"1\"],\"columns[3].isQuery\":[\"1\"],\"columns[3].queryType\":[\"EQ\"],\"columns[3].htmlType\":[\"textarea\"],\"columns[3].dictType\":[\"\"],\"columns[4].columnId\":[\"53\"],\"columns[4].sort\":[\"5\"],\"columns[4].columnComment\":[\"ç®€ä»‹\"],\"columns[4].javaType\":[\"String\"],\"columns[4].javaField\":[\"introduction\"],\"columns[4].isInsert\":[\"1\"],\"columns[4].isEdit\":[\"1\"],\"columns[4].isList\":[\"1\"],\"columns[4].isQuery\":[\"1\"],\"columns[4].queryType\":[\"EQ\"],\"columns[4].htmlType\":[\"textarea\"],\"columns[4].dictType\":[\"\"],\"tplCategory\":[\"crud\"],\"packageName\":[\"com.ruoyi.project.blog\"],\"moduleName\":[\"blog\"],\"businessName\":[\"link\"],\"functionName\":[\"å‹é“¾\"],',0,NULL,'2019-09-26 00:27:35'),
(182,'ä»£ç ç”Ÿæˆ',8,'com.ruoyi.project.tool.gen.controller.GenController.batchGenCode()','GET',1,'admin','ç ”å‘éƒ¨é—¨','/tool/gen/batchGenCode','127.0.0.1','å†…ç½‘IP','{\"tables\":[\"blog_banner,blog_link\"]}',0,NULL,'2019-09-26 00:27:45'),
(183,'èœå•ç®¡ç†',2,'com.ruoyi.project.system.menu.controller.MenuController.editSave()','POST',1,'admin','ç ”å‘éƒ¨é—¨','/system/menu/edit','127.0.0.1','å†…ç½‘IP','{\"menuId\":[\"2041\"],\"parentId\":[\"2025\"],\"menuType\":[\"C\"],\"menuName\":[\"bannerå›¾\"],\"url\":[\"/blog/banner\"],\"target\":[\"menuItem\"],\"perms\":[\"blog:banner:view\"],\"orderNum\":[\"1\"],\"icon\":[\"#\"],\"visible\":[\"0\"]}',0,NULL,'2019-09-26 00:32:25'),
(184,'èœå•ç®¡ç†',2,'com.ruoyi.project.system.menu.controller.MenuController.editSave()','POST',1,'admin','ç ”å‘éƒ¨é—¨','/system/menu/edit','127.0.0.1','å†…ç½‘IP','{\"menuId\":[\"2046\"],\"parentId\":[\"2025\"],\"menuType\":[\"C\"],\"menuName\":[\"å‹é“¾\"],\"url\":[\"/blog/link\"],\"target\":[\"menuItem\"],\"perms\":[\"system:link:view\"],\"orderNum\":[\"1\"],\"icon\":[\"#\"],\"visible\":[\"0\"]}',0,NULL,'2019-09-26 00:32:48'),
(185,'å‹é“¾',1,'com.ruoyi.project.blog.link.controller.LinkController.addSave()','POST',1,'admin','ç ”å‘éƒ¨é—¨','/blog/link/add','127.0.0.1','å†…ç½‘IP','{\"name\":[\"soulCoke\"],\"url\":[\"http:www.baidu.com\"],\"avatar\":[\"http://f.youdao.com/?vendor=fanyi-new-bottom\"],\"introduction\":[\"è¿™æ˜¯ä¸€ä¸ªæµ‹è¯•å‹é“¾\"]}',0,NULL,'2019-09-26 00:35:20'),
(186,'bannerå›¾',1,'com.ruoyi.project.blog.banner.controller.BannerController.addSave()','POST',1,'admin','ç ”å‘éƒ¨é—¨','/blog/banner/add','127.0.0.1','å†…ç½‘IP','{\"description\":[\"é¦–é¡µ1\"],\"type\":[\"banner-01\"]}',0,NULL,'2019-09-26 00:46:10'),
(187,'bannerå›¾',1,'com.ruoyi.project.blog.banner.controller.BannerController.addSave()','POST',1,'admin','ç ”å‘éƒ¨é—¨','/blog/banner/add','127.0.0.1','å†…ç½‘IP','{\"description\":[\"é¦–é¡µ2\"],\"type\":[\"banner-02\"]}',0,NULL,'2019-09-26 14:47:56'),
(188,'bannerå›¾',1,'com.ruoyi.project.blog.banner.controller.BannerController.addSave()','POST',1,'admin','ç ”å‘éƒ¨é—¨','/blog/banner/add','127.0.0.1','å†…ç½‘IP','{\"description\":[\"é¦–é¡µ3\"],\"type\":[\"banner-03\"]}',0,NULL,'2019-09-26 14:48:11'),
(189,'bannerå›¾',1,'com.ruoyi.project.blog.banner.controller.BannerController.addSave()','POST',1,'admin','ç ”å‘éƒ¨é—¨','/blog/banner/add','127.0.0.1','å†…ç½‘IP','{\"description\":[\"é¦–é¡µ1\"],\"type\":[\"banner-04\"]}',0,NULL,'2019-09-26 14:48:26'),
(190,'bannerå›¾',1,'com.ruoyi.project.blog.banner.controller.BannerController.addSave()','POST',1,'admin','ç ”å‘éƒ¨é—¨','/blog/banner/add','127.0.0.1','å†…ç½‘IP','{\"description\":[\"é¦–é¡µ1\"],\"type\":[\"banner-05\"]}',0,NULL,'2019-09-26 15:23:26'),
(191,'bannerå›¾',1,'com.ruoyi.project.blog.banner.controller.BannerController.addSave()','POST',1,'admin','ç ”å‘éƒ¨é—¨','/blog/banner/add','127.0.0.1','å†…ç½‘IP','{\"description\":[\"é¦–é¡µ1\"],\"type\":[\"banner-06\"]}',0,NULL,'2019-09-26 15:24:11'),
(192,'bannerå›¾',2,'com.ruoyi.project.blog.banner.controller.BannerController.editSave()','POST',1,'admin','ç ”å‘éƒ¨é—¨','/blog/banner/edit','127.0.0.1','å†…ç½‘IP','{\"id\":[\"1\"],\"description\":[\"é¦–é¡µ1\"],\"type\":[\"headnav\"]}',1,'','2019-09-27 11:33:45'),
(193,'bannerå›¾',2,'com.ruoyi.project.blog.banner.controller.BannerController.editSave()','POST',1,'admin','ç ”å‘éƒ¨é—¨','/blog/banner/edit','127.0.0.1','å†…ç½‘IP','{\"id\":[\"1\"],\"description\":[\"é¦–é¡µ1\"],\"type\":[\"headnav\"]}',0,NULL,'2019-09-27 11:41:35'),
(194,'bannerå›¾',2,'com.ruoyi.project.blog.banner.controller.BannerController.editSave()','POST',1,'admin','ç ”å‘éƒ¨é—¨','/blog/banner/edit','127.0.0.1','å†…ç½‘IP','{\"id\":[\"2\"],\"description\":[\"å‹é“¾\"],\"type\":[\"link\"]}',0,NULL,'2019-09-27 11:41:52'),
(195,'bannerå›¾',2,'com.ruoyi.project.blog.banner.controller.BannerController.editSave()','POST',1,'admin','ç ”å‘éƒ¨é—¨','/blog/banner/edit','127.0.0.1','å†…ç½‘IP','{\"id\":[\"1\"],\"description\":[\"å¤´éƒ¨\"],\"type\":[\"headnav\"]}',0,NULL,'2019-09-27 11:42:04'),
(196,'bannerå›¾',2,'com.ruoyi.project.blog.banner.controller.BannerController.editSave()','POST',1,'admin','ç ”å‘éƒ¨é—¨','/blog/banner/edit','127.0.0.1','å†…ç½‘IP','{\"id\":[\"3\"],\"description\":[\"æèµ \"],\"type\":[\"donate\"]}',0,NULL,'2019-09-27 11:42:26'),
(197,'bannerå›¾',2,'com.ruoyi.project.blog.banner.controller.BannerController.editSave()','POST',1,'admin','ç ”å‘éƒ¨é—¨','/blog/banner/edit','127.0.0.1','å†…ç½‘IP','{\"id\":[\"4\"],\"description\":[\"æ”¯ä»˜å®\"],\"type\":[\"zhifubao\"]}',0,NULL,'2019-09-27 11:42:38'),
(198,'bannerå›¾',2,'com.ruoyi.project.blog.banner.controller.BannerController.editSave()','POST',1,'admin','ç ”å‘éƒ¨é—¨','/blog/banner/edit','127.0.0.1','å†…ç½‘IP','{\"id\":[\"5\"],\"description\":[\"å¾®ä¿¡æ”¶æ¬¾ç \"],\"type\":[\"weixin\"]}',0,NULL,'2019-09-27 11:42:56'),
(199,'bannerå›¾',2,'com.ruoyi.project.blog.banner.controller.BannerController.editSave()','POST',1,'admin','ç ”å‘éƒ¨é—¨','/blog/banner/edit','127.0.0.1','å†…ç½‘IP','{\"id\":[\"4\"],\"description\":[\"æ”¯ä»˜å®æ”¶æ¬¾ç \"],\"type\":[\"zhifubao\"]}',0,NULL,'2019-09-27 11:43:02'),
(200,'bannerå›¾',2,'com.ruoyi.project.blog.banner.controller.BannerController.editSave()','POST',1,'admin','ç ”å‘éƒ¨é—¨','/blog/banner/edit','127.0.0.1','å†…ç½‘IP','{\"id\":[\"6\"],\"description\":[\"å…³äº\"],\"type\":[\"about\"]}',0,NULL,'2019-09-27 11:43:16'),
(201,'bannerå›¾',1,'com.ruoyi.project.blog.banner.controller.BannerController.addSave()','POST',1,'admin','ç ”å‘éƒ¨é—¨','/blog/banner/add','127.0.0.1','å†…ç½‘IP','{\"description\":[\"ç•™è¨€\"],\"type\":[\"message\"]}',0,NULL,'2019-09-27 11:43:32');

UNLOCK TABLES;

/*Table structure for table `sys_post` */

DROP TABLE IF EXISTS `sys_post`;

CREATE TABLE `sys_post` (
  `post_id` bigint(20) NOT NULL AUTO_INCREMENT COMMENT 'å²—ä½ID',
  `post_code` varchar(64) NOT NULL COMMENT 'å²—ä½ç¼–ç ',
  `post_name` varchar(50) NOT NULL COMMENT 'å²—ä½åç§°',
  `post_sort` int(4) NOT NULL COMMENT 'æ˜¾ç¤ºé¡ºåº',
  `status` char(1) NOT NULL COMMENT 'çŠ¶æ€ï¼ˆ0æ­£å¸¸ 1åœç”¨ï¼‰',
  `create_by` varchar(64) DEFAULT '' COMMENT 'åˆ›å»ºè€…',
  `create_time` datetime DEFAULT NULL COMMENT 'åˆ›å»ºæ—¶é—´',
  `update_by` varchar(64) DEFAULT '' COMMENT 'æ›´æ–°è€…',
  `update_time` datetime DEFAULT NULL COMMENT 'æ›´æ–°æ—¶é—´',
  `remark` varchar(500) DEFAULT NULL COMMENT 'å¤‡æ³¨',
  PRIMARY KEY (`post_id`)
) ENGINE=InnoDB AUTO_INCREMENT=5 DEFAULT CHARSET=utf8mb4 COMMENT='å²—ä½ä¿¡æ¯è¡¨';

/*Data for the table `sys_post` */

LOCK TABLES `sys_post` WRITE;

insert  into `sys_post`(`post_id`,`post_code`,`post_name`,`post_sort`,`status`,`create_by`,`create_time`,`update_by`,`update_time`,`remark`) values 
(1,'ceo','è‘£äº‹é•¿',1,'0','admin','2018-03-16 11:33:00','ry','2018-03-16 11:33:00',''),
(2,'se','é¡¹ç›®ç»ç†',2,'0','admin','2018-03-16 11:33:00','ry','2018-03-16 11:33:00',''),
(3,'hr','äººåŠ›èµ„æº',3,'0','admin','2018-03-16 11:33:00','ry','2018-03-16 11:33:00',''),
(4,'user','æ™®é€šå‘˜å·¥',4,'0','admin','2018-03-16 11:33:00','ry','2018-03-16 11:33:00','');

UNLOCK TABLES;

/*Table structure for table `sys_role` */

DROP TABLE IF EXISTS `sys_role`;

CREATE TABLE `sys_role` (
  `role_id` bigint(20) NOT NULL AUTO_INCREMENT COMMENT 'è§’è‰²ID',
  `role_name` varchar(30) NOT NULL COMMENT 'è§’è‰²åç§°',
  `role_key` varchar(100) NOT NULL COMMENT 'è§’è‰²æƒé™å­—ç¬¦ä¸²',
  `role_sort` int(4) NOT NULL COMMENT 'æ˜¾ç¤ºé¡ºåº',
  `data_scope` char(1) DEFAULT '1' COMMENT 'æ•°æ®èŒƒå›´ï¼ˆ1ï¼šå…¨éƒ¨æ•°æ®æƒé™ 2ï¼šè‡ªå®šæ•°æ®æƒé™ 3ï¼šæœ¬éƒ¨é—¨æ•°æ®æƒé™ 4ï¼šæœ¬éƒ¨é—¨åŠä»¥ä¸‹æ•°æ®æƒé™ï¼‰',
  `status` char(1) NOT NULL COMMENT 'è§’è‰²çŠ¶æ€ï¼ˆ0æ­£å¸¸ 1åœç”¨ï¼‰',
  `del_flag` char(1) DEFAULT '0' COMMENT 'åˆ é™¤æ ‡å¿—ï¼ˆ0ä»£è¡¨å­˜åœ¨ 2ä»£è¡¨åˆ é™¤ï¼‰',
  `create_by` varchar(64) DEFAULT '' COMMENT 'åˆ›å»ºè€…',
  `create_time` datetime DEFAULT NULL COMMENT 'åˆ›å»ºæ—¶é—´',
  `update_by` varchar(64) DEFAULT '' COMMENT 'æ›´æ–°è€…',
  `update_time` datetime DEFAULT NULL COMMENT 'æ›´æ–°æ—¶é—´',
  `remark` varchar(500) DEFAULT NULL COMMENT 'å¤‡æ³¨',
  PRIMARY KEY (`role_id`)
) ENGINE=InnoDB AUTO_INCREMENT=3 DEFAULT CHARSET=utf8mb4 COMMENT='è§’è‰²ä¿¡æ¯è¡¨';

/*Data for the table `sys_role` */

LOCK TABLES `sys_role` WRITE;

insert  into `sys_role`(`role_id`,`role_name`,`role_key`,`role_sort`,`data_scope`,`status`,`del_flag`,`create_by`,`create_time`,`update_by`,`update_time`,`remark`) values 
(1,'ç®¡ç†å‘˜','admin',1,'1','0','0','admin','2018-03-16 11:33:00','ry','2018-03-16 11:33:00','ç®¡ç†å‘˜'),
(2,'æ™®é€šè§’è‰²','common',2,'2','0','0','admin','2018-03-16 11:33:00','ry','2018-03-16 11:33:00','æ™®é€šè§’è‰²');

UNLOCK TABLES;

/*Table structure for table `sys_role_dept` */

DROP TABLE IF EXISTS `sys_role_dept`;

CREATE TABLE `sys_role_dept` (
  `role_id` bigint(20) NOT NULL COMMENT 'è§’è‰²ID',
  `dept_id` bigint(20) NOT NULL COMMENT 'éƒ¨é—¨ID',
  PRIMARY KEY (`role_id`,`dept_id`)
) ENGINE=InnoDB DEFAULT CHARSET=utf8mb4 COMMENT='è§’è‰²å’Œéƒ¨é—¨å…³è”è¡¨';

/*Data for the table `sys_role_dept` */

LOCK TABLES `sys_role_dept` WRITE;

insert  into `sys_role_dept`(`role_id`,`dept_id`) values 
(2,100),
(2,101),
(2,105);

UNLOCK TABLES;

/*Table structure for table `sys_role_menu` */

DROP TABLE IF EXISTS `sys_role_menu`;

CREATE TABLE `sys_role_menu` (
  `role_id` bigint(20) NOT NULL COMMENT 'è§’è‰²ID',
  `menu_id` bigint(20) NOT NULL COMMENT 'èœå•ID',
  PRIMARY KEY (`role_id`,`menu_id`)
) ENGINE=InnoDB DEFAULT CHARSET=utf8mb4 COMMENT='è§’è‰²å’Œèœå•å…³è”è¡¨';

/*Data for the table `sys_role_menu` */

LOCK TABLES `sys_role_menu` WRITE;

insert  into `sys_role_menu`(`role_id`,`menu_id`) values 
(2,1),
(2,2),
(2,3),
(2,100),
(2,101),
(2,102),
(2,103),
(2,104),
(2,105),
(2,106),
(2,107),
(2,108),
(2,109),
(2,110),
(2,111),
(2,112),
(2,113),
(2,114),
(2,115),
(2,500),
(2,501),
(2,1000),
(2,1001),
(2,1002),
(2,1003),
(2,1004),
(2,1005),
(2,1006),
(2,1007),
(2,1008),
(2,1009),
(2,1010),
(2,1011),
(2,1012),
(2,1013),
(2,1014),
(2,1015),
(2,1016),
(2,1017),
(2,1018),
(2,1019),
(2,1020),
(2,1021),
(2,1022),
(2,1023),
(2,1024),
(2,1025),
(2,1026),
(2,1027),
(2,1028),
(2,1029),
(2,1030),
(2,1031),
(2,1032),
(2,1033),
(2,1034),
(2,1035),
(2,1036),
(2,1037),
(2,1038),
(2,1039),
(2,1040),
(2,1041),
(2,1042),
(2,1043),
(2,1044),
(2,1045),
(2,1046),
(2,1047),
(2,1048),
(2,1049),
(2,1050),
(2,1051),
(2,1052),
(2,1053),
(2,1054),
(2,1055),
(2,1056),
(2,1057),
(2,1058),
(2,1059),
(2,1060);

UNLOCK TABLES;

/*Table structure for table `sys_user` */

DROP TABLE IF EXISTS `sys_user`;

CREATE TABLE `sys_user` (
  `user_id` bigint(20) NOT NULL AUTO_INCREMENT COMMENT 'ç”¨æˆ·ID',
  `dept_id` bigint(20) DEFAULT NULL COMMENT 'éƒ¨é—¨ID',
  `login_name` varchar(30) NOT NULL COMMENT 'ç™»å½•è´¦å·',
  `user_name` varchar(30) NOT NULL COMMENT 'ç”¨æˆ·æ˜µç§°',
  `user_type` varchar(2) DEFAULT '00' COMMENT 'ç”¨æˆ·ç±»å‹ï¼ˆ00ç³»ç»Ÿç”¨æˆ·ï¼‰',
  `email` varchar(50) DEFAULT '' COMMENT 'ç”¨æˆ·é‚®ç®±',
  `phonenumber` varchar(11) DEFAULT '' COMMENT 'æ‰‹æœºå·ç ',
  `sex` char(1) DEFAULT '0' COMMENT 'ç”¨æˆ·æ€§åˆ«ï¼ˆ0ç”· 1å¥³ 2æœªçŸ¥ï¼‰',
  `avatar` varchar(100) DEFAULT '' COMMENT 'å¤´åƒè·¯å¾„',
  `password` varchar(50) DEFAULT '' COMMENT 'å¯†ç ',
  `salt` varchar(20) DEFAULT '' COMMENT 'ç›åŠ å¯†',
  `status` char(1) DEFAULT '0' COMMENT 'å¸å·çŠ¶æ€ï¼ˆ0æ­£å¸¸ 1åœç”¨ï¼‰',
  `del_flag` char(1) DEFAULT '0' COMMENT 'åˆ é™¤æ ‡å¿—ï¼ˆ0ä»£è¡¨å­˜åœ¨ 2ä»£è¡¨åˆ é™¤ï¼‰',
  `login_ip` varchar(50) DEFAULT '' COMMENT 'æœ€åç™»é™†IP',
  `login_date` datetime DEFAULT NULL COMMENT 'æœ€åç™»é™†æ—¶é—´',
  `create_by` varchar(64) DEFAULT '' COMMENT 'åˆ›å»ºè€…',
  `create_time` datetime DEFAULT NULL COMMENT 'åˆ›å»ºæ—¶é—´',
  `update_by` varchar(64) DEFAULT '' COMMENT 'æ›´æ–°è€…',
  `update_time` datetime DEFAULT NULL COMMENT 'æ›´æ–°æ—¶é—´',
  `remark` varchar(500) DEFAULT NULL COMMENT 'å¤‡æ³¨',
  PRIMARY KEY (`user_id`)
) ENGINE=InnoDB AUTO_INCREMENT=3 DEFAULT CHARSET=utf8mb4 COMMENT='ç”¨æˆ·ä¿¡æ¯è¡¨';

/*Data for the table `sys_user` */

LOCK TABLES `sys_user` WRITE;

insert  into `sys_user`(`user_id`,`dept_id`,`login_name`,`user_name`,`user_type`,`email`,`phonenumber`,`sex`,`avatar`,`password`,`salt`,`status`,`del_flag`,`login_ip`,`login_date`,`create_by`,`create_time`,`update_by`,`update_time`,`remark`) values 
(1,103,'admin','è‹¥ä¾','00','ry@163.com','15888888888','1','/profile/avatar/2019/09/21/c9ebbba71a51c00a3500e4239b60a464.png','29c67a30398638269fe600f73a054934','111111','0','0','127.0.0.1','2019-09-27 11:41:24','admin','2018-03-16 11:33:00','ry','2019-09-27 11:41:23','ç®¡ç†å‘˜'),
(2,105,'ry','è‹¥ä¾','00','ry@qq.com','15666666666','1','','8e6d98b90472783cc73c17047ddccf36','222222','0','0','127.0.0.1','2018-03-16 11:33:00','admin','2018-03-16 11:33:00','ry','2018-03-16 11:33:00','æµ‹è¯•å‘˜');

UNLOCK TABLES;

/*Table structure for table `sys_user_online` */

DROP TABLE IF EXISTS `sys_user_online`;

CREATE TABLE `sys_user_online` (
  `sessionId` varchar(50) NOT NULL DEFAULT '' COMMENT 'ç”¨æˆ·ä¼šè¯id',
  `login_name` varchar(50) DEFAULT '' COMMENT 'ç™»å½•è´¦å·',
  `dept_name` varchar(50) DEFAULT '' COMMENT 'éƒ¨é—¨åç§°',
  `ipaddr` varchar(50) DEFAULT '' COMMENT 'ç™»å½•IPåœ°å€',
  `login_location` varchar(255) DEFAULT '' COMMENT 'ç™»å½•åœ°ç‚¹',
  `browser` varchar(50) DEFAULT '' COMMENT 'æµè§ˆå™¨ç±»å‹',
  `os` varchar(50) DEFAULT '' COMMENT 'æ“ä½œç³»ç»Ÿ',
  `status` varchar(10) DEFAULT '' COMMENT 'åœ¨çº¿çŠ¶æ€on_lineåœ¨çº¿off_lineç¦»çº¿',
  `start_timestamp` datetime DEFAULT NULL COMMENT 'sessionåˆ›å»ºæ—¶é—´',
  `last_access_time` datetime DEFAULT NULL COMMENT 'sessionæœ€åè®¿é—®æ—¶é—´',
  `expire_time` int(5) DEFAULT '0' COMMENT 'è¶…æ—¶æ—¶é—´ï¼Œå•ä½ä¸ºåˆ†é’Ÿ',
  PRIMARY KEY (`sessionId`)
) ENGINE=InnoDB DEFAULT CHARSET=utf8mb4 COMMENT='åœ¨çº¿ç”¨æˆ·è®°å½•';

/*Data for the table `sys_user_online` */

LOCK TABLES `sys_user_online` WRITE;

insert  into `sys_user_online`(`sessionId`,`login_name`,`dept_name`,`ipaddr`,`login_location`,`browser`,`os`,`status`,`start_timestamp`,`last_access_time`,`expire_time`) values 
('97eddc6f-ec2e-496d-8831-46008ec9417f','admin','ç ”å‘éƒ¨é—¨','127.0.0.1','å†…ç½‘IP','Chrome','Windows 10','on_line','2019-09-27 11:41:20','2019-09-27 11:46:42',1800000);

UNLOCK TABLES;

/*Table structure for table `sys_user_post` */

DROP TABLE IF EXISTS `sys_user_post`;

CREATE TABLE `sys_user_post` (
  `user_id` bigint(20) NOT NULL COMMENT 'ç”¨æˆ·ID',
  `post_id` bigint(20) NOT NULL COMMENT 'å²—ä½ID',
  PRIMARY KEY (`user_id`,`post_id`)
) ENGINE=InnoDB DEFAULT CHARSET=utf8mb4 COMMENT='ç”¨æˆ·ä¸å²—ä½å…³è”è¡¨';

/*Data for the table `sys_user_post` */

LOCK TABLES `sys_user_post` WRITE;

insert  into `sys_user_post`(`user_id`,`post_id`) values 
(1,1),
(2,2);

UNLOCK TABLES;

/*Table structure for table `sys_user_role` */

DROP TABLE IF EXISTS `sys_user_role`;

CREATE TABLE `sys_user_role` (
  `user_id` bigint(20) NOT NULL COMMENT 'ç”¨æˆ·ID',
  `role_id` bigint(20) NOT NULL COMMENT 'è§’è‰²ID',
  PRIMARY KEY (`user_id`,`role_id`)
) ENGINE=InnoDB DEFAULT CHARSET=utf8mb4 COMMENT='ç”¨æˆ·å’Œè§’è‰²å…³è”è¡¨';

/*Data for the table `sys_user_role` */

LOCK TABLES `sys_user_role` WRITE;

insert  into `sys_user_role`(`user_id`,`role_id`) values 
(1,1),
(2,2);

UNLOCK TABLES;

/*!40101 SET SQL_MODE=@OLD_SQL_MODE */;
/*!40014 SET FOREIGN_KEY_CHECKS=@OLD_FOREIGN_KEY_CHECKS */;
/*!40014 SET UNIQUE_CHECKS=@OLD_UNIQUE_CHECKS */;
/*!40111 SET SQL_NOTES=@OLD_SQL_NOTES */;
